rank,pos_rank,playerId,name,pos,team,age,proj_FP,vorp,p10,median,p90,flags,proj_GP,proj_G,proj_A,proj_GWG,proj_HT,start_share,proj_W,proj_OTL,proj_SO,espn_G,espn_A,espn_W,nhlcom_PTS,pct_owned,public_rank,public_value,espn_rank,espn_adp,opp_order,df_line,df_pp,df_goalie,source,off_roster
1,1,8478402,Connor McDavid,F,EDM,30.05,140.58,89.04,99.88,138.64,179.38,PP1,80.36,40.52,92.07,6.62,1.37,,,,,45.0,95.0,,135.0,99.86,1.0,137.5,2.0,2.15,2,f1,pp1,,model,False
2,1,8480069,Cale Makar,D,COL,28.26,106.87,75.06,76.82,107.4,139.16,PP1,76.54,21.14,61.38,3.21,0.0,,,,,22.0,60.0,,87.0,99.87,6.0,106.64,15.0,10.83,15,d1,pp1,,model,False
3,2,8477492,Nathan MacKinnon,F,COL,31.42,123.58,72.05,89.19,123.53,160.68,PP1,77.59,42.06,73.55,6.38,1.59,,,,,53.0,80.0,,130.0,99.86,2.0,131.5,1.0,1.73,1,f1,pp1,,model,False
4,3,8476453,Nikita Kucherov,F,TBL,33.63,120.49,68.96,80.0,122.28,161.58,"age 33+, PP1",75.49,35.63,78.28,5.51,1.08,,,,,43.0,89.0,,125.0,99.83,3.0,128.5,3.0,4.01,3,f1,pp1,,model,False
5,2,8480803,Evan Bouchard,D,EDM,27.29,100.28,68.47,72.01,100.92,130.07,PP1,78.0,16.87,63.79,2.75,0.0,,,,,20.0,69.0,,86.0,99.76,7.0,106.49,16.0,16.66,16,d1,pp1,,model,False
6,3,8478460,Zach Werenski,D,CBJ,29.54,99.5,67.69,65.52,101.12,133.68,PP1,75.72,19.37,57.98,2.79,0.0,,,,,22.0,61.0,,83.0,99.79,8.0,104.39,9.0,11.89,9,d1,pp1,,model,False
7,4,8484801,Macklin Celebrini,F,SJS,20.64,115.53,64.0,83.33,114.39,147.74,PP1,78.25,40.92,67.18,5.96,1.47,,,,,41.0,67.0,,122.0,99.88,4.0,115.0,4.0,3.84,4,f1,pp1,,model,False
8,4,8480800,Quinn Hughes,D,MIN,27.3,95.54,63.73,62.59,97.59,128.76,PP1,75.32,11.66,70.24,1.98,0.0,,,,,9.0,72.0,,86.0,99.73,14.0,94.12,51.0,29.09,51,d1,pp1,,model,False
9,5,8483457,Lane Hutson,D,MTL,22.97,85.95,54.13,62.31,86.28,112.35,PP1,76.9,10.1,64.36,1.38,0.0,,,,,10.0,60.0,,80.0,96.65,33.0,85.43,122.0,60.81,122,d2,pp1,,model,False
10,6,8485366,Matthew Schaefer,D,NYI,19.41,85.77,53.96,61.96,86.12,111.51,PP1,76.61,21.95,38.71,3.15,0.0,,,,,24.0,37.0,,72.0,99.74,20.0,91.53,37.0,29.6,37,d1,pp1,,model,False
11,7,8480839,Rasmus Dahlin,D,BUF,26.8,85.4,53.58,56.7,87.61,115.81,PP1,75.02,16.96,48.86,2.63,0.0,,,,,18.0,53.0,,75.0,99.65,19.0,91.66,48.0,39.1,48,d1,pp1,,model,False
12,5,8477934,Leon Draisaitl,F,EDM,31.27,103.14,51.61,67.59,106.92,141.73,PP1,71.47,36.55,59.36,5.97,1.26,,,,,39.0,69.0,,117.0,99.77,5.0,112.5,13.0,10.08,13,f1,pp1,,model,False
13,6,8477956,David Pastrnak,F,BOS,30.69,100.3,48.77,65.33,102.23,135.23,PP1,75.28,33.08,61.72,4.61,0.89,,,,,34.0,67.0,,102.0,99.82,9.0,101.5,6.0,7.74,6,f1,pp1,,model,False
14,7,8478864,Kirill Kaprizov,F,MIN,29.77,98.11,46.57,64.08,100.28,131.94,PP1,75.16,42.34,46.87,7.19,1.71,,,,,42.0,46.0,,99.0,99.76,15.0,93.5,21.0,18.57,21,f2,pp1,,model,False
15,8,8479323,Adam Fox,D,NYR,28.96,76.07,44.25,42.33,78.51,108.13,PP1,67.72,11.53,51.43,1.58,0.0,,,,,12.0,52.0,,74.0,92.18,38.0,81.78,132.0,100.43,132,d1,pp1,,model,False
16,8,8481559,Jack Hughes,F,NJD,25.72,92.96,41.43,61.74,96.56,129.08,"injury-prone, PP1",70.05,31.86,55.97,4.22,0.91,,,,,28.0,51.0,,84.0,98.97,41.0,81.5,52.0,45.4,52,f1,pp1,,model,False
17,9,8478178,Darren Raddysh,D,TOR,30.93,72.88,41.07,47.1,75.34,101.4,"PP1, new team",72.17,14.67,41.43,2.11,0.0,,,,,19.0,44.0,,66.0,97.95,36.0,82.63,92.0,76.08,92,d1,pp1,,model,False
18,9,8478403,Jack Eichel,F,VGK,30.26,92.37,40.83,62.13,94.96,126.63,PP1,73.72,28.11,58.81,4.84,0.6,,,,,27.0,62.0,,96.0,99.34,16.0,92.5,24.0,26.39,24,f1,pp1,,model,False
19,10,8482740,Wyatt Johnston,F,DAL,23.72,92.12,40.59,65.88,92.24,121.51,PP1,76.04,41.37,42.49,6.68,1.58,,,,,42.0,43.0,,96.0,99.55,22.0,90.5,26.0,27.34,26,f1,pp1,,model,False
20,10,8479345,Jakob Chychrun,D,WSH,28.84,72.2,40.39,48.13,74.05,98.46,PP1,74.48,19.5,30.45,2.74,0.0,,,,,24.0,33.0,,63.0,99.22,34.0,84.3,45.0,48.76,45,d1,pp1,,model,False
21,11,8480039,Martin Necas,F,COL,28.05,91.82,40.28,59.54,93.4,124.15,PP1,74.88,31.73,54.47,4.81,0.8,,,,,36.0,61.0,,99.0,99.46,11.0,98.0,31.0,31.1,31,f1,pp1,,model,False
22,12,8480027,Jason Robertson,F,DAL,27.53,91.7,40.16,66.19,91.85,119.8,PP1,76.03,36.01,48.78,5.81,1.1,,,,,42.0,50.0,,98.0,99.74,13.0,95.0,5.0,7.55,5,f2,pp1,,model,False
23,11,8482105,Jake Sanderson,D,OTT,24.57,69.72,37.91,45.45,72.18,96.21,PP1,70.45,12.86,42.04,1.96,0.0,,,,,15.0,41.0,,65.0,97.05,63.0,75.61,91.0,78.51,91,d1,pp1,,model,False
24,13,8480018,Nick Suzuki,F,MTL,27.48,89.21,37.68,59.52,91.36,119.53,PP1,75.97,27.26,57.73,3.71,0.52,,,,,30.0,68.0,,98.0,99.74,10.0,98.0,23.0,20.25,23,f1,pp1,,model,False
25,14,8478398,Kyle Connor,F,WPG,30.15,88.87,37.34,60.04,90.71,120.84,PP1,75.7,35.51,46.65,5.64,1.07,,,,,40.0,51.0,,93.0,99.35,17.0,92.0,17.0,26.09,17,f1,pp1,,model,False
26,12,8474600,Roman Josi,D,NSH,36.67,67.82,36.0,37.46,69.84,95.6,"age 33+, PP1",67.98,12.85,40.1,2.02,0.0,,,,,14.0,49.0,,72.0,99.26,35.0,83.24,43.0,49.99,43,d1,pp1,,model,False
27,13,8480036,Miro Heiskanen,D,DAL,27.54,67.61,35.8,43.87,69.63,93.16,PP1,73.35,9.16,47.8,1.48,0.0,,,,,9.0,51.0,,65.0,94.85,70.0,72.23,110.0,86.3,110,d1,pp1,,model,False
28,15,8478420,Mikko Rantanen,F,DAL,30.26,86.24,34.71,56.39,89.75,119.04,PP1,70.03,27.54,53.65,4.45,0.61,,,,,27.0,57.0,,96.0,97.05,23.0,90.0,76.0,61.2,76,f1,pp1,,model,False
29,16,8478483,Mitch Marner,F,VGK,29.74,85.43,33.89,57.09,86.75,115.24,PP1,75.42,23.29,57.79,4.01,0.34,,,,,27.0,60.0,,89.0,98.89,27.0,88.0,63.0,53.15,63,f2,pp1,,model,False
30,14,8479410,Mikhail Sergachev,D,UTA,28.61,65.7,33.89,44.47,68.44,90.56,PP1,73.43,10.02,44.18,1.48,0.0,,,,,10.0,46.0,,66.0,92.75,72.0,72.1,109.0,102.04,109,d1,pp1,,model,False
31,17,8481557,Matt Boldy,F,MIN,25.83,85.37,33.83,56.84,87.67,117.34,PP1,73.54,34.85,43.53,5.92,1.06,,,,,42.0,44.0,,90.0,99.71,29.0,88.0,7.0,9.87,7,f1,pp1,,model,False
32,15,8477504,Josh Morrissey,D,WPG,31.85,64.75,32.94,43.22,66.91,89.41,PP1,72.42,10.86,41.31,1.73,0.0,,,,,14.0,45.0,,59.0,97.02,71.0,72.14,100.0,89.73,100,d1,pp1,,model,False
33,18,8476460,Mark Scheifele,F,WPG,33.88,84.13,32.6,54.69,85.99,115.42,"age 33+, PP1",73.88,28.54,50.44,4.54,0.62,,,,,35.0,64.0,,92.0,98.87,12.0,95.5,40.0,43.18,40,f1,pp1,,model,False
34,16,8481542,Moritz Seider,D,DET,25.82,63.64,31.82,42.68,65.33,86.21,PP1,74.61,9.2,43.87,1.37,0.0,,,,,10.0,46.0,,65.0,99.63,78.0,71.14,25.0,24.41,25,d1,pp1,,model,False
35,19,8479343,Clayton Keller,F,UTA,28.51,83.29,31.76,55.72,85.2,111.53,PP1,75.44,26.2,52.76,3.86,0.47,,,,,29.0,64.0,,87.0,98.79,24.0,90.0,34.0,45.54,34,f1,pp1,,model,False
36,20,8482116,Tim Stützle,F,OTT,25.05,83.01,31.48,55.78,85.4,112.4,PP1,75.05,27.95,50.24,4.26,0.57,,,,,31.0,47.0,,,98.36,55.0,78.0,41.0,50.32,41,f1,pp1,,model,False
37,21,8477404,Jake Guentzel,F,TBL,32.32,81.93,30.39,52.62,83.73,111.79,PP1,73.98,33.1,42.79,5.12,0.92,,,,,39.0,51.0,,83.0,99.46,30.0,86.5,20.0,27.2,20,f2,pp1,,model,False
38,17,8474578,Erik Karlsson,D,PIT,36.67,61.81,29.99,33.02,62.89,86.44,"age 33+, PP1",69.4,10.38,39.45,1.6,0.0,,,,,14.0,48.0,,70.0,95.49,46.0,80.29,103.0,99.67,103,d1,pp1,,model,False
39,18,8481605,Jackson LaCombe,D,ANA,26.06,61.34,29.53,40.68,63.68,83.63,PP1,74.23,10.25,39.14,1.71,0.0,,,,,10.0,42.0,,65.0,89.85,88.0,70.24,127.0,112.69,127,d1,pp1,,model,False
40,22,8477939,William Nylander,F,TOR,30.75,80.39,28.85,44.82,82.38,112.21,PP1,69.7,30.75,44.38,4.42,0.83,,,,,37.0,53.0,,88.0,99.37,25.0,89.0,33.0,37.24,33,f2,pp1,,model,False
41,23,8478550,Artemi Panarin,F,LAK,35.26,79.88,28.34,53.51,83.06,110.82,"age 33+, PP1",71.88,27.23,47.92,4.16,0.57,,,,,35.0,60.0,,89.0,98.54,18.0,92.0,29.0,41.87,29,f1,pp1,,model,False
42,24,8482078,Lucas Raymond,F,DET,24.85,79.86,28.33,51.72,81.96,108.58,PP1,74.71,25.99,49.54,3.86,0.47,,,,,27.0,52.0,,77.0,85.26,54.0,78.0,96.0,119.86,96,f1,pp1,,model,False
43,25,8479318,Auston Matthews,F,TOR,29.37,79.34,27.81,43.48,81.15,112.11,PP1,68.23,37.91,34.48,5.45,1.5,,,,,39.0,38.0,,86.0,99.57,39.0,81.5,8.0,11.11,8,f1,pp1,,model,False
44,26,8479542,Brandon Hagel,F,TBL,28.43,78.91,27.38,51.73,82.09,108.77,PP1,71.54,31.35,41.88,4.85,0.84,,,,,37.0,41.0,,82.0,97.55,48.0,80.0,58.0,64.78,58,f2,pp1,,model,False
45,27,8478427,Sebastian Aho,F,CAR,29.52,78.61,27.07,51.43,80.18,107.03,PP1,74.14,26.94,47.27,3.87,0.53,,,,,29.0,52.0,,81.0,98.24,42.0,81.0,56.0,62.2,56,f1,pp1,,model,False
46,28,8481540,Cole Caufield,F,MTL,26.08,77.99,26.46,51.96,80.23,106.05,PP1,74.26,37.0,34.72,5.04,1.22,,,,,46.0,38.0,,92.0,99.82,28.0,88.0,11.0,13.3,11,f1,pp1,,model,False
47,29,8479337,Alex DeBrincat,F,DET,29.12,76.63,25.1,50.67,78.53,104.46,PP1,74.64,33.55,37.16,4.98,0.94,,,,,40.0,44.0,,79.0,99.2,40.0,81.5,14.0,26.1,14,f1,pp1,,model,False
48,30,8482699,Dylan Guenther,F,UTA,23.81,76.6,25.07,51.06,78.79,104.66,PP1,73.64,35.01,35.36,5.16,1.07,,,,,38.0,33.0,,83.0,96.45,58.0,77.0,47.0,64.19,47,f2,pp1,,model,False
49,31,8477933,Sam Reinhart,F,FLA,31.24,76.51,24.98,41.76,78.55,108.43,PP1,68.67,35.37,34.75,5.16,1.24,,,,,36.0,38.0,,84.0,98.46,51.0,79.0,44.0,52.54,44,f1,pp1,,model,False
50,32,8479420,Tage Thompson,F,BUF,29.26,76.5,24.97,50.12,77.96,104.18,PP1,74.19,34.86,35.19,5.4,1.05,,,,,39.0,40.0,,83.0,99.55,43.0,81.0,19.0,23.77,19,f1,pp1,,model,False
51,19,8474590,John Carlson,D,TBL,37.06,56.7,24.89,30.71,58.73,81.26,"age 33+, PP1, new team",67.38,9.49,36.26,1.47,0.0,,,,,17.0,43.0,,65.0,98.61,56.0,77.74,65.0,65.1,65,d1,pp1,,model,False
52,1,8476883,Andrei Vasilevskiy,G,TBL,32.52,78.2,24.73,39.56,73.22,95.47,,52.56,,,,,0.64,31.08,4.66,3.79,,,39.0,,99.79,21.0,91.0,22.0,21.31,22,,,g1,model,False
53,20,8479325,Charlie McAvoy,D,BOS,29.11,56.34,24.52,27.99,57.67,81.94,"IR at camp, volatile",60.56,9.31,36.43,1.3,0.0,,,,,10.0,45.0,,65.0,89.78,75.0,71.61,144.0,116.59,144,,,,model,False
54,33,8484144,Connor Bedard,F,CHI,21.54,75.82,24.29,39.8,78.58,109.8,"IR at camp, volatile",62.15,27.0,44.57,3.54,0.71,,,,,28.0,43.0,,,94.66,83.0,71.0,105.0,91.84,105,,,,model,False
55,21,8480865,Noah Dobson,D,MTL,27.07,55.98,24.17,31.77,55.5,80.92,,73.14,9.74,35.18,1.33,0.0,,,,,13.0,40.0,,55.0,99.47,109.0,66.46,32.0,35.85,32,d1,pp2,,model,False
56,22,8476906,Shayne Gostisbehere,D,CAR,33.79,55.6,23.79,28.2,57.52,80.45,"age 33+, PP1, volatile",63.89,9.47,35.31,1.36,0.0,,,,,13.0,44.0,,52.0,81.15,108.0,66.5,178.0,153.05,178,d3,pp1,,model,False
57,2,8478872,Karel Vejmelka,G,UTA,30.69,76.84,23.37,38.87,71.95,93.81,,55.43,,,,,0.68,31.65,4.72,2.94,,,34.0,,95.05,53.0,79.0,72.0,78.74,72,,,g1,model,False
58,23,8481581,Thomas Harley,D,DAL,25.45,55.0,23.18,36.66,57.11,76.63,,70.08,10.23,32.88,1.65,0.0,,,,,9.0,33.0,,49.0,78.09,173.0,55.82,187.0,163.05,187,d1,pp2,,model,False
59,24,8478407,Vince Dunn,D,SEA,30.26,54.31,22.5,31.16,53.92,78.7,"injury-prone, PP1",73.25,10.19,32.34,1.58,0.0,,,,,11.0,34.0,,46.0,77.35,168.0,56.51,170.0,166.84,170,d1,pp1,,model,False
60,25,8477447,Shea Theodore,D,VGK,31.5,54.13,22.31,26.44,52.33,78.88,"PP1, volatile",69.19,8.22,36.26,1.42,0.0,,,,,10.0,35.0,,57.0,62.45,141.0,61.27,260.0,194.32,258,d1,pp1,,model,False
61,34,8479407,Jesper Bratt,F,NJD,28.51,73.46,21.92,48.29,74.83,99.36,PP1,74.63,21.54,48.79,2.85,0.28,,,,,24.0,56.0,,80.0,85.27,47.0,80.0,83.0,116.43,83,f1,pp1,,model,False
62,35,8480023,Robert Thomas,F,STL,27.59,73.0,21.47,40.21,74.71,103.49,PP1,68.93,22.65,46.78,3.21,0.36,,,,,27.0,45.0,,80.0,72.58,61.0,76.0,192.0,171.23,192,f1,pp1,,model,False
63,26,8479425,Filip Hronek,D,VAN,29.25,53.05,21.23,30.17,52.09,75.57,PP1,73.58,6.88,38.32,0.96,0.0,,,,,8.0,42.0,,50.0,76.95,158.0,57.81,174.0,168.38,174,d1,pp1,,model,False
64,36,8476887,Filip Forsberg,F,NSH,32.47,72.52,20.99,48.13,74.89,99.97,PP1,73.24,32.27,34.32,5.07,0.87,,,,,42.0,39.0,,80.0,99.45,45.0,80.5,10.0,18.82,10,f2,pp1,,model,False
65,37,8483515,Juraj Slafkovský,F,MTL,22.84,71.71,20.18,46.82,73.26,97.59,PP1,74.45,27.68,39.7,3.77,0.56,,,,,29.0,42.0,,75.0,98.55,67.0,73.0,57.0,55.54,57,f2,pp1,,model,False
66,38,8477960,Adrian Kempe,F,LAK,30.38,71.3,19.77,47.38,73.25,97.08,PP1,73.72,29.58,36.52,4.52,0.68,,,,,35.0,38.0,,80.0,97.84,60.0,76.5,35.0,52.67,35,f1,pp1,,model,False
67,39,8475913,Mark Stone,F,VGK,34.72,70.91,19.37,37.47,72.71,101.29,"age 33+, injury-prone, PP1, volatile",65.56,22.93,43.61,3.95,0.41,,,,,26.0,45.0,,74.0,82.33,68.0,72.5,139.0,140.39,139,f1,pp1,,model,False
68,3,8480313,Logan Thompson,G,WSH,29.93,72.69,19.22,36.77,67.06,88.74,,50.68,,,,,0.62,28.67,5.66,3.23,,,31.0,,99.17,59.0,77.0,54.0,50.39,54,,,g1,model,False
69,40,8484153,Leo Carlsson,F,ANA,22.1,70.5,18.96,47.02,73.68,97.74,PP1,70.43,27.2,38.18,4.53,0.59,,,,,28.0,37.0,,82.0,84.83,66.0,73.5,133.0,121.08,133,f1,pp1,,model,False
70,27,8482684,Luke Hughes,D,NJD,23.4,50.76,18.95,24.45,49.72,74.66,"PP1, volatile",69.12,7.88,33.96,1.04,0.0,,,,,7.0,31.0,,45.0,45.42,228.0,49.24,277.0,203.39,274,d2,pp1,,model,False
71,28,8481524,Bowen Byram,D,CHI,25.64,50.69,18.88,29.2,49.89,72.58,"PP1, new team",73.08,10.14,29.08,1.33,0.0,,,,,14.0,37.0,,50.0,89.87,126.0,63.96,116.0,112.57,116,d1,pp1,,model,False
72,29,8478397,Rasmus Andersson,D,VGK,30.26,50.29,18.47,28.46,49.49,72.3,,72.57,11.59,25.1,2.0,0.0,,,,,16.0,29.0,,49.0,98.16,131.0,62.74,82.0,75.06,82,d2,pp2,,model,False
73,30,8476462,Dougie Hamilton,D,NJD,33.63,49.64,17.83,28.56,49.13,71.66,"age 33+, injury-prone",70.1,10.52,27.21,1.39,0.0,,,,,11.0,28.0,,46.0,72.64,187.0,54.41,181.0,181.88,181,d1,pp2,,model,False
74,31,8482730,Brandt Clarke,D,LAK,23.98,49.11,17.3,27.84,48.9,71.1,PP1,73.04,7.88,32.14,1.2,0.0,,,,,7.0,30.0,,55.0,85.42,181.0,54.92,148.0,136.41,148,d1,pp1,,model,False
75,4,8483548,Brandon Bussi,G,CAR,28.61,70.65,17.18,31.63,71.25,111.85,volatile,46.08,,,,,0.56,28.67,4.66,2.88,,,29.0,,86.76,96.0,69.0,118.0,123.08,118,,,g1,model,False
76,41,8480002,Nico Hischier,F,NJD,28.08,68.68,17.14,45.05,70.59,94.15,PP1,74.1,28.43,35.88,3.76,0.61,,,,,31.0,40.0,,68.0,96.28,92.0,69.5,49.0,69.05,49,f2,pp1,,model,False
77,42,8483445,Cutter Gauthier,F,ANA,23.04,68.4,16.87,45.08,70.97,94.8,PP1,71.85,33.02,28.93,5.5,0.95,,,,,36.0,27.0,,80.0,97.4,77.0,71.5,36.0,50.81,36,f1,pp1,,model,False
78,43,8471675,Sidney Crosby,F,PIT,39.49,68.34,16.81,36.47,71.02,97.94,"age 33+, PP1",65.78,25.08,38.88,3.86,0.52,,,,,32.0,50.0,,90.0,98.67,31.0,86.0,66.0,59.42,66,f1,pp1,,model,False
79,32,8482122,Brock Faber,D,MIN,24.45,47.5,15.69,20.87,46.68,70.9,"IR at camp, volatile",62.87,9.62,26.62,1.63,0.0,,,,,14.0,34.0,,57.0,98.18,104.0,67.07,99.0,81.47,99,d1,pp2,,model,False
80,44,8480014,Gabriel Vilardi,F,WPG,27.46,66.84,15.3,45.0,69.24,90.75,PP1,73.73,28.11,33.67,4.47,0.59,,,,,31.0,36.0,,71.0,73.0,94.0,69.0,136.0,170.15,136,f2,pp1,,model,False
81,45,8479314,Matthew Tkachuk,F,FLA,29.14,66.83,15.3,18.88,70.65,105.48,"injury-prone, PP1, volatile",58.66,22.87,40.13,3.33,0.5,,,,,28.0,57.0,,87.0,98.81,32.0,86.0,27.0,32.77,27,f2,pp1,,model,False
82,46,8476459,Mika Zibanejad,F,NYR,33.79,66.79,15.26,43.47,68.82,91.69,"age 33+, PP1",71.98,25.01,37.92,3.42,0.45,,,,,34.0,46.0,,79.0,98.63,50.0,79.5,28.0,40.67,28,f1,pp1,,model,False
83,47,8478439,Travis Konecny,F,PHI,29.89,66.53,15.0,43.91,68.81,91.43,,72.35,24.24,38.15,3.73,0.41,,,,,27.0,42.0,,68.0,82.44,97.0,68.5,98.0,134.38,98,f1,pp2,,model,False
84,48,8480893,Kirill Marchenko,F,CBJ,26.53,66.03,14.5,43.82,67.67,90.65,PP1,71.88,25.82,36.01,3.71,0.49,,,,,29.0,39.0,,74.0,92.67,82.0,71.0,59.0,84.8,59,f1,pp1,,model,False
85,49,8484227,Will Smith,F,SJS,21.88,65.95,14.42,36.05,66.8,92.86,PP1,69.76,24.66,37.25,3.59,0.46,,,,,24.0,35.0,,75.0,72.81,105.0,67.0,214.0,170.3,214,f1,pp1,,model,False
86,50,8482720,Matthew Knies,F,TOR,24.29,65.88,14.35,42.4,67.55,91.09,,73.02,24.71,37.19,3.55,0.43,,,,,25.0,38.0,,66.0,78.8,119.0,64.5,169.0,153.93,169,f1,pp2,,model,False
87,51,8480208,Drake Batherson,F,OTT,28.77,65.63,14.09,42.81,67.86,90.31,PP1,72.71,25.75,35.48,3.92,0.48,,,,,29.0,38.0,,77.0,89.31,73.0,72.0,68.0,100.05,68,f2,pp1,,model,False
88,52,8478010,Brayden Point,F,TBL,30.89,65.46,13.93,34.83,67.78,93.44,PP1,67.49,27.0,33.67,4.17,0.62,,,,,31.0,42.0,,85.0,87.03,52.0,79.0,101.0,113.27,101,f1,pp1,,model,False
89,53,8480830,Andrei Svechnikov,F,CAR,26.85,65.3,13.77,43.64,67.56,89.88,PP1,72.73,25.9,35.2,3.72,0.49,,,,,28.0,36.0,,72.0,87.64,99.0,68.0,84.0,111.03,84,f1,pp1,,model,False
90,33,8478469,Thomas Chabot,D,OTT,30.0,45.57,13.76,19.83,44.58,67.59,"injury-prone, volatile",65.13,8.13,28.09,1.24,0.0,,,,,10.0,35.0,,44.0,95.12,186.0,54.44,94.0,100.24,94,d2,pp2,,model,False
91,34,8477495,Seth Jones,D,FLA,32.33,45.41,13.59,20.7,44.94,68.11,"injury-prone, volatile",62.27,8.36,27.47,1.22,0.0,,,,,8.0,29.0,,52.0,48.7,182.0,54.57,263.0,209.51,261,d2,pp2,,model,False
92,54,8477951,Nick Schmaltz,F,UTA,30.94,64.47,12.93,42.48,66.28,87.87,PP1,73.28,24.2,36.31,3.56,0.4,,,,,30.0,42.0,,69.0,88.9,87.0,70.5,71.0,102.93,71,f1,pp1,,model,False
93,35,8477986,Brandon Montour,D,SEA,32.81,44.4,12.59,20.69,43.17,65.36,volatile,65.58,10.9,20.92,1.69,0.0,,,,,12.0,22.0,,48.0,71.18,177.0,55.22,179.0,184.51,179,d2,pp2,,model,False
94,55,8477940,Nikolaj Ehlers,F,CAR,30.97,64.08,12.55,42.4,66.27,87.96,PP1,73.17,22.19,38.39,3.19,0.31,,,,,27.0,45.0,,73.0,84.62,69.0,72.5,85.0,123.32,85,f3,pp1,,model,False
95,56,8482093,Seth Jarvis,F,CAR,25.0,63.94,12.41,32.09,66.04,92.72,"IR at camp, volatile",61.28,28.29,30.75,4.07,0.83,,,,,33.0,35.0,,,92.23,100.0,68.0,60.0,86.49,60,,,,model,False
96,5,8475809,Scott Wedgewood,G,COL,34.47,65.86,12.38,29.48,66.91,104.26,"age 33+, tandem, volatile",40.67,,,,,0.5,25.16,5.53,3.33,,,28.0,,98.73,84.0,71.0,50.0,46.29,50,,,g1,model,False
97,6,8475311,Darcy Kuemper,G,LAK,36.74,65.35,11.88,32.38,66.4,100.66,"age 33+, volatile",45.3,,,,,0.55,24.08,9.28,2.64,,,24.0,,62.91,106.0,67.0,130.0,176.86,130,,,g1,model,False
98,57,8484762,Beckett Sennecke,F,ANA,21.01,63.3,11.77,42.56,65.01,86.59,PP1,73.62,23.33,35.73,3.88,0.36,,,,,23.0,37.0,,68.0,80.35,124.0,64.0,124.0,144.73,124,f2,pp1,,model,False
99,58,8484166,Adam Fantilli,F,CBJ,22.31,63.26,11.73,41.12,65.17,86.78,PP1,73.61,26.29,32.7,3.78,0.5,,,,,26.0,34.0,,68.0,83.68,123.0,64.0,79.0,122.97,79,f1,pp1,,model,False
100,36,8477948,Travis Sanheim,D,PHI,30.84,43.19,11.38,24.12,43.02,62.01,,71.78,8.76,24.32,1.35,0.0,,,,,10.0,28.0,,44.0,72.66,206.0,51.83,194.0,178.72,194,d1,,,model,False
101,7,8478048,Igor Shesterkin,G,NYR,31.09,64.46,10.99,31.93,65.49,102.04,volatile,47.07,,,,,0.57,25.62,5.59,2.55,,,27.0,,92.18,113.0,66.0,95.0,88.13,95,,,g1,model,False
102,37,8481598,Philip Broberg,D,STL,25.6,42.6,10.79,21.97,40.79,62.68,"PP1, volatile",72.07,7.07,27.46,1.0,0.0,,,,,6.0,26.0,,45.0,17.3,257.0,46.11,339.0,225.39,336,d1,pp1,,model,False
103,38,8476853,Morgan Rielly,D,TOR,32.9,42.52,10.7,24.09,42.35,61.2,,70.22,7.27,26.93,1.04,0.0,,,,,11.0,32.0,,32.0,80.54,256.0,46.4,155.0,155.08,155,d1,pp2,,model,False
104,59,8476468,J.T. Miller,F,NYR,33.89,62.01,10.48,32.73,62.98,87.03,"age 33+, PP1",67.92,19.89,39.14,2.72,0.27,,,,,22.0,48.0,,62.0,84.38,111.0,66.0,86.0,123.03,86,f2,pp1,,model,False
105,8,8482487,Jakub Dobes,G,MTL,25.68,63.79,10.31,31.6,64.33,100.98,volatile,45.1,,,,,0.55,25.76,4.82,2.48,,,26.0,,81.41,132.0,62.59,140.0,139.67,140,,,g1,model,False
106,9,8480981,Joel Hofer,G,STL,26.51,63.69,10.22,31.55,65.24,100.83,volatile,45.59,,,,,0.56,23.8,5.2,3.63,,,23.0,,78.8,116.0,65.0,107.0,139.26,107,,,g1,model,False
107,60,8484984,Ivan Demidov,F,MTL,21.14,61.66,10.13,40.8,63.26,84.24,PP1,73.46,18.87,40.03,2.57,0.2,,,,,18.0,41.0,,70.0,66.58,120.0,64.5,262.0,177.41,260,f2,pp1,,model,False
108,61,8477949,Alex Tuch,F,WSH,30.73,61.65,10.12,40.2,63.44,85.09,new team,71.97,26.67,30.7,3.75,0.53,,,,,33.0,38.0,,70.0,98.91,86.0,70.5,18.0,31.4,18,f1,pp2,,model,False
109,62,8475810,Bryan Rust,F,PIT,34.73,61.58,10.04,33.99,63.36,87.42,"age 33+, PP1",68.43,25.85,31.22,3.98,0.54,,,,,30.0,34.0,,61.0,84.36,133.0,62.5,78.0,121.21,78,f3,pp1,,model,False
110,63,8475166,John Tavares,F,TOR,36.37,61.47,9.94,40.64,63.74,85.39,"age 33+, PP1",70.8,26.42,30.71,3.8,0.54,,,,,33.0,39.0,,70.0,87.65,79.0,71.0,77.0,107.76,77,f2,pp1,,model,False
111,64,8478440,Dylan Strome,F,WSH,29.91,61.43,9.89,40.43,63.48,84.68,PP1,72.85,20.37,37.94,2.86,0.25,,,,,22.0,43.0,,68.0,72.75,107.0,66.5,143.0,172.83,143,f2,pp1,,model,False
112,39,8484873,Cole Hutson,D,WSH,20.6,41.7,9.89,6.84,44.98,69.03,volatile,51.56,8.07,24.42,1.14,0.0,,,,,,,,51.0,,127.0,63.67,,,375,d3,pp2,,model,False
113,65,8481604,Pavel Dorofeyev,F,NYR,26.27,61.32,9.79,41.62,63.86,84.09,"PP1, new team",73.18,32.55,23.43,4.45,0.89,,,,,36.0,24.0,,65.0,91.14,135.0,62.5,64.0,92.73,64,f2,pp1,,model,False
114,40,8475167,Victor Hedman,D,TBL,36.12,41.59,9.78,7.74,42.02,68.31,"age 33+, volatile",54.31,6.18,28.27,0.96,0.0,,,,,10.0,41.0,,55.0,81.49,130.0,62.93,182.0,152.04,182,d2,pp2,,model,False
115,10,8478009,Ilya Sorokin,G,NYI,31.5,63.13,9.65,31.93,58.23,77.06,,51.33,,,,,0.63,23.81,4.39,3.7,,,28.0,,96.03,49.0,80.0,88.0,77.16,88,,,g1,model,False
116,11,8480280,Jeremy Swayman,G,BOS,28.19,63.04,9.57,31.89,58.16,76.96,,52.32,,,,,0.64,24.86,5.75,2.52,,,26.0,,94.23,95.0,69.0,97.0,95.21,97,,,g1,model,False
117,12,8476999,Linus Ullmark,G,OTT,33.51,62.84,9.37,28.14,63.85,96.8,"age 33+, tandem, volatile",44.28,,,,,0.54,23.6,6.2,3.15,,,29.0,,87.17,64.0,74.0,93.0,111.69,93,,,g1,model,False
118,66,8482077,Dylan Holloway,F,STL,25.36,60.59,9.06,32.93,62.56,86.33,"injury-prone, PP1",66.28,24.26,32.42,3.43,0.48,,,,,28.0,37.0,,70.0,87.53,102.0,67.5,75.0,108.56,75,f1,pp1,,model,False
119,67,8478449,Roope Hintz,F,DAL,30.21,60.42,8.89,32.38,62.04,86.54,,64.17,22.59,33.76,3.65,0.42,,,,,24.0,41.0,,78.0,77.79,76.0,71.5,125.0,153.37,125,f2,pp2,,model,False
120,68,8478445,Mathew Barzal,F,NYI,29.69,60.36,8.83,31.66,62.28,87.19,"IR at camp, volatile",64.09,16.35,41.49,2.35,0.17,,,,,17.0,49.0,,,72.43,112.0,66.0,145.0,176.12,145,,,,model,False
121,69,8477946,Dylan Larkin,F,DET,30.51,60.21,8.68,31.68,62.02,86.99,"IR at camp, volatile",61.41,26.87,28.64,3.99,0.72,,,,,36.0,35.0,,,94.69,81.0,71.0,46.0,75.97,46,,,,model,False
122,70,8483431,Logan Cooley,F,UTA,22.75,60.07,8.53,30.36,61.68,86.29,"PP1, volatile",64.6,25.77,29.91,3.8,0.59,,,,,35.0,32.0,,80.0,84.78,65.0,73.5,113.0,126.91,113,f2,pp1,,model,False
123,13,8480843,Lukas Dostal,G,ANA,26.61,61.82,8.35,30.63,62.81,97.87,volatile,49.4,,,,,0.6,25.34,4.67,2.16,,,27.0,,30.24,117.0,64.69,253.0,214.79,251,,,g1,model,False
124,41,8480817,K'Andre Miller,D,CAR,27.03,40.06,8.24,16.69,37.42,59.13,volatile,68.97,7.19,24.65,1.03,0.0,,,,,8.0,28.0,,39.0,38.6,267.0,45.9,268.0,218.77,265,d2,pp2,,model,False
125,71,8481533,Trevor Zegras,F,PHI,25.87,59.73,8.19,39.72,61.82,81.93,"injury-prone, PP1",72.78,21.59,34.52,3.32,0.29,,,,,23.0,36.0,,64.0,68.1,140.0,61.5,208.0,185.96,208,f2,pp1,,model,False
126,42,8482671,Owen Power,D,BUF,24.19,39.98,8.16,19.5,37.6,57.74,volatile,71.97,7.09,24.69,1.1,0.0,,,,,8.0,25.0,,36.0,24.47,308.0,42.52,295.0,223.22,292,d2,pp2,,model,False
127,43,8477346,MacKenzie Weegar,D,UTA,33.07,39.96,8.14,16.95,37.22,58.59,"age 33+, volatile",69.95,7.08,24.76,1.04,0.0,,,,,7.0,31.0,,47.0,98.33,210.0,51.23,42.0,49.09,42,d1,,,model,False
128,44,8483485,Denton Mateychuk,D,CBJ,22.56,39.95,8.13,17.01,37.34,59.63,volatile,69.8,9.81,18.91,1.41,0.0,,,,,,,,37.0,,224.0,49.64,,,385,d2,pp2,,model,False
129,72,8479987,Morgan Geekie,F,BOS,28.54,59.49,7.96,39.19,61.95,82.03,PP1,72.61,28.42,26.48,3.96,0.62,,,,,38.0,30.0,,69.0,88.35,98.0,68.5,90.0,107.97,90,f2,pp1,,model,False
130,45,8477950,Tony DeAngelo,D,NYI,31.27,39.73,7.91,16.45,36.9,58.97,"injury-prone, volatile",69.66,5.86,27.17,0.84,0.0,,,,,5.0,28.0,,39.0,5.77,324.0,41.96,327.0,232.37,324,d3,pp2,,model,False
131,46,8475753,Justin Faulk,D,DET,34.87,39.34,7.52,16.15,36.57,59.46,"age 33+, volatile",68.8,7.99,22.16,1.19,0.0,,,,,13.0,26.0,,38.0,77.0,217.0,50.04,166.0,167.44,166,d2,pp2,,model,False
132,73,8482124,Quinton Byfield,F,LAK,24.45,58.69,7.15,38.9,60.27,80.74,PP1,72.17,24.12,30.48,3.68,0.41,,,,,25.0,30.0,,65.0,68.6,149.0,60.0,158.0,186.71,158,f1,pp1,,model,False
133,47,8475218,Mattias Ekholm,D,EDM,36.69,38.95,7.14,16.72,36.04,57.53,"age 33+, volatile",69.44,6.25,25.43,1.02,0.0,,,,,7.0,33.0,,40.0,66.57,249.0,47.45,217.0,196.88,217,d1,pp2,,model,False
134,14,8477465,Tristan Jarry,G,EDM,31.76,60.59,7.11,30.02,62.06,93.33,"tandem, volatile",39.28,,,,,0.48,24.75,4.61,2.16,,,20.0,,10.85,195.0,53.0,249.0,229.6,247,,,g1,model,False
135,48,8482142,Jamie Drysdale,D,PHI,24.82,38.87,7.05,19.46,36.73,56.43,"PP1, volatile",70.66,7.68,22.32,1.18,0.0,,,,,,,,38.0,,245.0,47.73,,,391,d2,pp1,,model,False
136,15,8474593,Jacob Markstrom,G,FLA,37.0,60.46,6.99,29.95,60.97,93.13,"age 33+, tandem, new team, volatile",43.79,,,,,0.53,25.47,3.21,2.11,,,24.0,,47.36,172.0,56.0,212.0,202.56,212,,,g1,model,False
137,74,8477500,Bo Horvat,F,NYI,31.83,58.51,6.98,32.38,59.71,83.11,PP1,67.8,26.8,27.27,3.85,0.6,,,,,30.0,29.0,,71.0,88.57,115.0,65.0,69.0,105.47,69,f1,pp1,,model,False
138,75,8475158,Ryan O'Reilly,F,NSH,35.98,58.51,6.97,38.19,60.49,81.45,"age 33+, PP1",70.39,20.2,34.87,3.17,0.26,,,,,25.0,46.0,,69.0,81.13,89.0,70.0,106.0,140.83,106,f1,pp1,,model,False
139,49,8484258,Sam Malinski,D,COL,28.52,38.72,6.91,19.56,36.73,57.27,volatile,71.84,6.68,24.35,1.01,0.0,,,,,7.0,29.0,,43.0,23.19,246.0,47.63,274.0,226.36,271,d2,,,model,False
140,16,8477424,Juuse Saros,G,NSH,31.79,60.29,6.82,30.5,56.45,73.61,,51.91,,,,,0.63,24.26,6.5,1.76,,,27.0,,68.36,129.0,63.0,150.0,179.86,150,,,g1,model,False
141,17,8479394,Carter Hart,G,VGK,28.47,60.2,6.72,29.82,61.16,92.72,"tandem, volatile",38.21,,,,,0.47,23.75,5.13,2.53,,,28.0,,59.0,74.0,72.0,128.0,151.38,128,,,g1,model,False
142,50,8476875,Mike Matheson,D,MTL,32.93,38.06,6.25,16.07,35.31,55.9,volatile,69.5,6.09,25.05,0.83,0.0,,,,,8.0,38.0,,38.0,94.25,223.0,49.72,108.0,103.43,108,d1,,,model,False
143,51,8483495,Simon Nemec,D,CGY,22.96,37.88,6.07,15.83,35.48,56.73,"injury-prone, new team, volatile",67.26,9.04,18.52,1.28,0.0,,,,,,,,40.0,,191.0,53.12,,,379,d1,pp2,,model,False
144,52,8478882,Vladislav Gavrikov,D,NYR,31.2,37.84,6.03,18.67,36.23,56.28,volatile,71.44,8.56,19.55,1.17,0.0,,,,,13.0,23.0,,32.0,45.61,271.0,45.37,246.0,220.24,244,d1,,,model,False
145,76,8480801,Brady Tkachuk,F,FLA,27.38,57.52,5.99,16.18,60.9,91.48,"IR at camp, PP1, new team, volatile",56.85,23.67,29.82,3.45,0.58,,,,,26.0,49.0,,87.0,98.71,44.0,81.0,12.0,21.39,12,f1,pp1,,model,False
146,77,8477935,Sam Bennett,F,FLA,30.62,57.33,5.79,38.51,59.78,79.53,,70.71,25.22,27.96,3.68,0.47,,,,,28.0,31.0,,64.0,80.64,138.0,61.5,102.0,137.46,102,f2,pp2,,model,False
147,18,8479979,Jake Oettinger,G,DAL,28.12,59.26,5.79,29.36,60.7,93.82,"IR at camp, volatile",40.92,,,,,0.62,23.35,4.71,2.62,,,37.0,,99.26,26.0,89.0,53.0,47.09,53,,,g1,model,False
148,78,8483516,Jimmy Snuggerud,F,STL,22.67,57.1,5.57,30.95,58.9,81.61,PP1,69.11,21.89,31.77,3.1,0.33,,,,,20.0,31.0,,64.0,34.23,160.0,57.5,234.0,217.97,234,f1,pp1,,model,False
149,19,8481668,Arturs Silovs,G,PIT,25.86,58.99,5.51,29.22,59.93,93.38,volatile,45.43,,,,,0.55,22.59,7.66,2.05,,,15.0,,4.79,323.0,42.0,298.0,230.59,295,,,g1,model,False
150,79,8480012,Elias Pettersson,F,VAN,28.22,57.04,5.51,38.71,59.55,78.9,PP1,70.67,18.04,36.31,2.51,0.19,,,,,18.0,46.0,,59.0,93.72,139.0,61.5,62.0,85.87,62,f1,pp1,,model,False
151,20,8481519,Spencer Knight,G,CHI,25.79,58.9,5.43,26.37,59.85,90.73,volatile,48.41,,,,,0.59,22.21,7.54,2.31,,,21.0,,61.39,157.0,58.0,156.0,191.52,156,,,g1,model,False
152,80,8482109,Alexis Lafrenière,F,NYR,25.31,56.79,5.26,32.2,55.83,81.25,PP1,73.05,23.21,30.05,3.17,0.36,,,,,25.0,32.0,,,67.27,163.0,57.0,157.0,191.04,157,f1,pp1,,model,False
153,53,8478396,Noah Hanifin,D,VGK,30.02,36.9,5.09,15.72,34.37,55.73,volatile,68.42,6.11,23.62,1.05,0.0,,,,,6.0,29.0,,39.0,74.26,287.0,44.01,172.0,174.85,172,d3,,,model,False
154,81,8476881,Tomas Hertl,F,VGK,33.22,56.55,5.02,37.51,58.64,78.01,"age 33+, PP1",71.47,24.32,27.63,4.19,0.42,,,,,26.0,33.0,,63.0,80.74,142.0,61.0,87.0,137.37,87,f3,pp1,,model,False
155,54,8481606,Jordan Spence,D,OTT,25.94,36.83,5.01,15.61,33.35,54.72,volatile,69.1,5.53,24.93,0.84,0.0,,,,,6.0,26.0,,33.0,4.25,376.0,38.49,358.0,232.01,355,d2,,,model,False
156,55,8478038,Devon Toews,D,COL,32.94,36.81,5.0,15.14,34.29,54.88,volatile,66.43,5.95,24.0,0.9,0.0,,,,,6.0,31.0,,35.0,60.59,313.0,42.48,242.0,198.04,241,d1,pp2,,model,False
157,82,8478493,Joel Eriksson Ek,F,MIN,30.01,56.51,4.98,30.11,57.64,79.44,PP1,69.12,22.8,29.47,3.87,0.38,,,,,20.0,31.0,,60.0,72.07,175.0,55.5,138.0,171.72,138,f1,pp1,,model,False
158,83,8481528,Dylan Cozens,F,OTT,25.98,56.5,4.96,32.79,56.39,80.8,PP1,72.87,23.01,29.63,3.51,0.35,,,,,27.0,32.0,,61.0,86.93,148.0,60.0,70.0,109.16,70,f2,pp1,,model,False
159,84,8475754,Brock Nelson,F,COL,35.3,56.39,4.86,38.11,58.82,78.35,age 33+,70.35,25.22,26.87,3.82,0.48,,,,,33.0,33.0,,66.0,90.0,110.0,66.0,73.0,102.84,73,f2,pp2,,model,False
160,85,8484387,Matvei Michkov,F,PHI,22.15,56.34,4.8,32.5,55.77,80.92,PP1,72.62,21.22,31.57,3.27,0.28,,,,,27.0,34.0,,57.0,65.51,151.0,59.0,137.0,169.19,137,f3,pp1,,model,False
161,86,8482667,William Eklund,F,OTT,24.31,56.29,4.76,37.33,58.09,77.2,"PP1, new team",71.76,17.89,35.5,2.72,0.18,,,,,19.0,33.0,,65.0,61.88,153.0,58.5,176.0,199.0,176,f1,pp1,,model,False
162,87,8475786,Zach Hyman,F,EDM,34.65,56.23,4.69,30.18,58.24,81.04,"age 33+, PP1, volatile",63.37,31.3,18.79,5.11,1.02,,,,,46.0,28.0,,67.0,98.44,85.0,70.5,30.0,43.13,30,f2,pp1,,model,False
163,21,8478916,Joey Daccord,G,SEA,30.45,58.06,4.59,28.76,58.99,91.92,volatile,47.89,,,,,0.58,22.53,6.4,2.2,,,21.0,,31.73,179.0,55.0,186.0,220.3,186,,,g1,model,False
164,88,8478401,Pavel Zacha,F,BOS,29.82,56.08,4.55,36.34,57.8,77.42,PP1,71.5,21.3,31.53,2.97,0.29,,,,,27.0,37.0,,65.0,62.68,118.0,64.5,185.0,201.6,185,f2,pp1,,model,False
165,89,8474564,Steven Stamkos,F,NSH,36.98,55.83,4.3,31.13,56.77,78.12,"age 33+, PP1",69.77,27.95,22.85,4.39,0.64,,,,,42.0,27.0,,70.0,96.59,91.0,69.5,39.0,61.47,39,f1,pp1,,model,False
166,90,8476880,Tom Wilson,F,WSH,32.85,55.8,4.26,31.07,57.77,78.56,PP1,68.37,25.25,26.49,3.55,0.5,,,,,31.0,31.0,,66.0,87.53,121.0,64.0,104.0,110.52,104,f1,pp1,,model,False
167,56,8476923,Damon Severson,D,CBJ,32.49,36.05,4.24,15.07,33.84,54.19,volatile,67.3,7.11,20.82,1.02,0.0,,,,,8.0,24.0,,32.0,3.38,344.0,40.07,340.0,232.43,337,d1,,,model,False
168,57,8478500,Ivan Provorov,D,CBJ,30.05,36.05,4.24,18.37,33.85,52.94,volatile,71.8,6.66,21.77,0.96,0.0,,,,,9.0,25.0,,31.0,62.84,339.0,40.63,203.0,202.4,203,d2,pp2,,model,False
169,22,8475683,Sergei Bobrovsky,G,TOR,38.37,57.56,4.09,28.52,58.48,91.12,"age 33+, tandem, new team, volatile",44.2,,,,,0.54,24.1,3.61,1.92,,,31.0,,72.82,37.0,82.0,165.0,164.82,165,,,g1,model,False
170,23,8476434,John Gibson,G,DET,33.55,57.53,4.06,25.76,58.46,91.08,"age 33+, volatile",49.04,,,,,0.6,22.66,4.18,2.68,,,26.0,,73.12,125.0,64.0,117.0,155.13,117,,,g1,model,False
171,24,8482661,Jesper Wallstedt,G,MIN,24.22,57.51,4.04,28.49,58.91,91.05,"tandem, volatile",40.34,,,,,0.49,22.06,5.11,2.76,,,23.0,,77.81,145.0,61.0,147.0,151.94,147,,,g1,model,False
172,58,8477932,Aaron Ekblad,D,FLA,30.98,35.73,3.91,15.82,33.27,53.6,"injury-prone, PP1, volatile",68.19,5.04,24.91,0.73,0.0,,,,,3.0,25.0,,37.0,16.64,389.0,37.11,318.0,227.17,315,d1,pp1,,model,False
173,59,8482762,Simon Edvinsson,D,DET,23.99,35.72,3.9,15.29,33.19,53.03,"off roster: unsigned or long-term injured, check, volatile",68.56,7.8,18.95,1.16,0.0,,,,,,,,32.0,,328.0,41.33,,,416,d1,,,model,True
174,60,8482100,Alexander Nikishin,D,CAR,25.33,35.3,3.49,14.27,32.87,53.05,"IR at camp, off roster: unsigned or long-term injured, check, volatile",61.95,8.05,18.04,1.16,0.0,,,,,11.0,23.0,,37.0,58.7,252.0,46.71,241.0,207.16,240,,,,model,True
175,25,8482982,Jet Greaves,G,CBJ,25.84,56.9,3.43,28.19,57.81,90.08,"tandem, volatile",43.01,,,,,0.52,21.61,6.28,2.47,,,22.0,,63.69,167.0,57.0,146.0,184.04,146,,,g1,model,False
176,61,8476869,Brady Skjei,D,NSH,32.85,35.21,3.39,17.77,33.18,51.35,volatile,70.63,5.99,22.29,0.94,0.0,,,,,6.0,28.0,,,47.92,347.0,40.0,231.0,219.55,231,d1,,,model,False
177,91,8476389,Vincent Trocheck,F,UTA,33.56,54.73,3.2,28.95,56.55,78.69,"age 33+, new team, volatile",66.71,18.49,33.29,2.72,0.22,,,,,24.0,42.0,,59.0,93.42,134.0,62.5,61.0,82.43,61,f3,pp2,,model,False
178,62,8475200,Dmitry Orlov,D,SJS,35.53,34.51,2.7,14.48,32.14,51.55,"age 33+, volatile",69.49,4.13,25.66,0.6,0.0,,,,,4.0,33.0,,37.0,14.33,326.0,41.56,293.0,229.2,290,d3,pp2,,model,False
179,63,8480807,Mattias Samuelsson,D,BUF,26.89,34.46,2.65,13.39,32.23,52.28,"injury-prone, IR at camp, volatile",60.59,7.29,18.75,1.13,0.0,,,,,11.0,25.0,,43.0,67.42,211.0,51.02,233.0,193.02,233,,,,model,False
180,92,8481656,Aliaksei Protas,F,WSH,26.07,53.95,2.42,30.65,53.63,77.68,,70.82,21.93,28.62,3.08,0.32,,,,,25.0,28.0,,59.0,25.52,171.0,56.0,220.0,224.41,220,f3,,,model,False
181,64,8478507,John Marino,D,UTA,29.7,34.2,2.38,17.14,32.45,50.09,volatile,70.94,3.88,25.86,0.57,0.0,,,,,4.0,29.0,,,4.62,392.0,37.0,379.0,231.04,373,d2,pp2,,model,False
182,93,8477409,Carter Verhaeghe,F,FLA,31.47,53.88,2.35,30.42,52.95,77.41,,70.54,22.05,28.28,3.21,0.33,,,,,25.0,34.0,,55.0,73.47,161.0,57.0,120.0,162.92,120,f2,pp2,,model,False
183,65,8478055,Gustav Forsling,D,FLA,30.64,34.14,2.32,17.14,32.25,50.33,volatile,70.75,5.44,22.47,0.79,0.0,,,,,5.0,27.0,,34.0,23.81,373.0,38.81,273.0,226.23,270,d1,pp2,,model,False
184,66,8480434,Sean Durzi,D,NYR,28.28,33.94,2.13,14.03,31.75,50.86,"injury-prone, new team, volatile",64.6,6.05,21.02,0.83,0.0,,,,,,,,35.0,,307.0,42.82,,,408,d2,pp2,,model,False
185,94,8478444,Brock Boeser,F,VAN,29.93,53.61,2.07,30.41,53.04,77.09,PP1,70.46,24.11,25.72,3.35,0.42,,,,,27.0,30.0,,54.0,67.66,174.0,55.5,141.0,184.99,141,f2,pp1,,model,False
186,67,8484798,Zeev Buium,D,VAN,21.15,33.86,2.05,14.48,31.29,49.92,volatile,69.61,5.91,21.21,0.82,0.0,,,,,,,,33.0,,343.0,40.2,,,421,d1,pp2,,model,False
187,68,8482511,Mason Lohrei,D,BOS,26.04,33.83,2.02,14.31,31.17,50.46,volatile,68.63,6.06,20.87,0.84,0.0,,,,,,,,34.0,,325.0,41.65,,,415,d3,pp2,,model,False
188,69,8475171,Oliver Ekman-Larsson,D,TOR,35.55,33.82,2.0,14.16,31.43,50.61,"age 33+, volatile",68.2,5.54,21.94,0.8,0.0,,,,,7.0,26.0,,30.0,12.05,380.0,38.02,313.0,229.95,310,d3,pp2,,model,False
189,95,8477501,Valeri Nichushkin,F,CBJ,31.92,53.47,1.94,25.24,51.98,79.05,"injury-prone, new team, volatile",68.46,22.27,27.65,3.2,0.35,,,,,26.0,33.0,,55.0,60.92,162.0,57.0,162.0,200.82,162,f2,pp2,,model,False
190,70,8480426,Charle-Edouard D'Astous,D,TBL,28.78,33.74,1.92,13.86,31.37,50.86,"not in DF lineup, volatile",67.74,5.52,21.83,0.85,0.0,,,,,6.0,24.0,,,4.47,403.0,36.0,362.0,231.27,359,,,,model,False
191,96,8482146,Luke Evangelista,F,NJD,24.94,53.38,1.84,30.81,52.97,76.1,"PP1, new team",72.32,16.02,35.12,2.12,0.13,,,,,21.0,41.0,,57.0,52.95,150.0,59.5,114.0,162.2,114,f2,pp1,,model,False
192,71,8483490,Pavel Mintyukov,D,ANA,23.19,33.63,1.82,14.13,31.07,49.82,volatile,68.65,7.12,18.21,1.19,0.0,,,,,,,,30.0,,377.0,38.43,,,435,d2,pp2,,model,False
193,97,8476454,Ryan Nugent-Hopkins,F,EDM,33.81,53.11,1.57,26.13,51.94,78.3,"age 33+, PP1, volatile",67.92,17.57,32.48,2.87,0.19,,,,,19.0,37.0,,65.0,62.29,146.0,60.5,189.0,198.43,189,f2,pp1,,model,False
194,26,8479973,Stuart Skinner,G,WPG,28.25,55.01,1.53,27.25,55.89,87.08,"tandem, new team, volatile",43.5,,,,,0.53,21.29,5.71,2.24,,,18.0,,13.69,295.0,44.0,258.0,227.32,256,,,g1,model,False
195,72,8480336,Sean Walker,D,CAR,32.22,33.21,1.4,16.92,31.89,49.64,volatile,70.21,7.48,17.18,1.08,0.0,,,,,9.0,22.0,,32.0,71.03,337.0,40.85,175.0,183.54,175,d2,,,model,False
196,73,8471724,Kris Letang,D,PIT,39.78,33.18,1.36,13.69,30.83,50.29,"age 33+, volatile",65.09,4.67,23.12,0.72,0.0,,,,,4.0,35.0,,40.0,61.44,283.0,44.86,225.0,204.48,225,d2,pp2,,model,False
197,74,8474563,Drew Doughty,D,LAK,37.15,33.09,1.28,14.11,31.22,49.72,"age 33+, volatile",65.31,6.33,19.46,0.97,0.0,,,,,7.0,21.0,,31.0,10.94,397.0,36.81,333.0,229.27,330,d2,pp2,,model,False
198,75,8478013,Jake Walman,D,EDM,30.95,33.01,1.2,12.83,30.9,50.11,"injury-prone, volatile",61.87,7.68,16.41,1.25,0.0,,,,,,,,33.0,,296.0,43.52,,,403,d2,pp2,,model,False
199,98,8474141,Patrick Kane,F,CHI,38.2,52.67,1.13,27.88,54.51,75.4,"age 33+, PP1, new team, volatile",64.72,16.58,33.75,2.17,0.17,,,,,24.0,48.0,,55.0,79.91,128.0,63.5,89.0,123.34,89,f1,pp1,,model,False
200,99,8479385,Jordan Kyrou,F,WSH,28.74,52.65,1.11,24.93,51.2,77.4,"new team, volatile",69.13,21.33,28.0,3.0,0.31,,,,,24.0,37.0,,67.0,76.75,122.0,64.0,112.0,152.53,112,f3,pp2,,model,False
201,100,8471215,Evgeni Malkin,F,PIT,40.51,52.56,1.03,24.81,54.18,76.62,"age 33+, volatile",60.14,16.83,32.94,2.59,0.2,,,,,22.0,47.0,,69.0,70.33,93.0,69.0,161.0,183.78,161,f2,pp2,,model,False
202,76,8484783,Artyom Levshunov,D,CHI,21.26,32.74,0.92,13.94,30.5,49.45,volatile,67.17,3.88,24.47,0.51,0.0,,,,,,,,31.0,,411.0,35.24,,,445,d2,pp2,,model,False
203,101,8476483,Rickard Rakell,F,PIT,33.74,52.41,0.87,25.87,53.93,75.27,"age 33+, PP1, volatile",64.07,23.17,25.23,3.56,0.44,,,,,26.0,28.0,,61.0,72.69,159.0,57.5,129.0,170.52,129,f1,pp1,,model,False
204,102,8482175,JJ Peterka,F,BOS,25.05,52.37,0.84,29.24,51.38,75.31,"PP1, new team",72.43,23.29,25.47,3.24,0.36,,,,,28.0,26.0,,60.0,39.2,164.0,57.0,211.0,216.49,211,f1,pp1,,model,False
205,103,8482659,Josh Doan,F,BUF,25.0,52.32,0.79,29.27,51.49,75.19,"injury-prone, PP1",72.3,22.95,25.46,3.56,0.35,,,,,20.0,24.0,,60.0,18.51,203.0,52.0,265.0,225.69,263,f1,pp1,,model,False
206,77,8476902,Esa Lindell,D,DAL,32.7,32.36,0.54,16.28,31.06,47.55,volatile,70.33,5.4,20.69,0.87,0.0,,,,,7.0,26.0,,31.0,66.68,374.0,38.71,218.0,189.75,218,d2,,,model,False
207,104,8482809,Jackson Blake,F,CAR,23.5,51.82,0.29,29.8,51.69,75.47,PP1,72.04,21.71,26.69,3.12,0.3,,,,,22.0,31.0,,61.0,47.62,165.0,57.0,195.0,214.0,195,f2,pp1,,model,False
208,78,8476885,Jacob Trouba,D,SJS,32.93,32.07,0.26,13.5,29.59,47.83,"new team, volatile",69.79,5.84,19.55,0.85,0.0,,,,,8.0,24.0,,34.0,86.77,336.0,40.91,126.0,127.88,126,d1,,,model,False
209,79,8481546,Cam York,D,PHI,26.07,31.81,0.0,13.76,29.19,47.06,volatile,68.81,5.98,18.94,0.92,0.0,,,,,,,,,,425.0,31.81,,,448,d2,,,model,False
210,27,8481692,Dustin Wolf,G,CGY,25.8,53.47,0.0,26.49,54.33,84.65,volatile,49.53,,,,,0.6,21.46,4.15,2.13,,,23.0,,37.73,180.0,55.0,193.0,215.81,193,,,g1,model,False
211,105,8482113,Anton Lundell,F,FLA,25.33,51.53,0.0,24.74,50.57,76.69,volatile,66.92,19.15,29.35,2.79,0.25,,,,,18.0,27.0,,54.0,14.79,226.0,49.5,224.0,228.83,224,f3,pp2,,model,False
212,106,8477493,Aleksander Barkov,F,FLA,31.42,51.53,-0.0,2.97,55.59,88.07,"PP1, volatile",47.42,15.03,34.09,2.19,0.23,,,,,20.0,51.0,,83.0,91.91,57.0,77.0,80.0,83.71,80,f1,pp1,,model,False
213,80,8475764,Cam Fowler,D,STL,35.16,31.66,-0.15,13.66,29.6,47.47,"age 33+, volatile",69.18,4.26,22.54,0.6,0.0,,,,,6.0,35.0,,34.0,12.31,299.0,43.2,289.0,230.75,286,d3,,,model,False
214,81,8482655,J.J. Moser,D,TBL,26.66,31.59,-0.22,15.05,28.58,44.93,volatile,70.2,5.66,19.41,0.87,0.0,,,,,,,,33.0,,342.0,40.45,,,420,d1,,,model,False
215,107,8477479,Tyler Bertuzzi,F,CHI,31.94,51.28,-0.25,29.53,50.84,73.76,PP1,70.65,24.9,22.66,3.26,0.46,,,,,30.0,26.0,,53.0,63.54,183.0,54.5,167.0,197.88,167,f2,pp1,,model,False
216,108,8475172,Nazem Kadri,F,COL,36.32,51.07,-0.46,25.2,49.97,75.5,"age 33+, volatile",68.34,19.06,28.88,2.89,0.23,,,,,22.0,38.0,,63.0,80.79,137.0,61.5,81.0,132.59,81,f2,pp2,,model,False
217,109,8478519,Anthony Cirelli,F,TBL,29.55,51.04,-0.5,24.01,49.79,74.02,volatile,68.77,21.08,26.4,3.26,0.3,,,,,24.0,30.0,,58.0,32.31,170.0,56.0,230.0,220.17,230,f2,pp2,,model,False
218,110,8477511,Anthony Mantha,F,NJD,32.38,50.77,-0.76,28.86,50.38,72.4,new team,70.93,23.07,24.28,3.05,0.37,,,,,30.0,27.0,,48.0,36.14,197.0,52.5,223.0,218.7,223,f1,pp2,,model,False
219,82,8478854,Ryan Shea,D,EDM,29.97,31.04,-0.78,14.81,28.1,45.15,"injury-prone, new team, volatile",70.43,4.51,21.27,0.74,0.0,,,,,5.0,28.0,,,5.33,381.0,38.0,372.0,231.08,368,d3,,,model,False
220,28,8474596,Jake Allen,G,NJD,36.49,52.68,-0.79,26.1,53.53,81.15,"age 33+, tandem, volatile",41.82,,,,,0.51,20.86,3.73,2.41,,,17.0,,25.03,321.0,42.0,199.0,225.47,199,,,g1,model,False
221,83,8477498,Darnell Nurse,D,SJS,31.99,30.96,-0.86,14.87,28.02,44.79,"new team, volatile",70.42,6.19,17.66,0.9,0.0,,,,,7.0,20.0,,32.0,81.99,388.0,37.15,152.0,149.52,152,d2,,,model,False
222,84,8470613,Brent Burns,D,COL,41.9,30.47,-1.35,12.43,28.5,45.77,"age 33+, volatile",66.34,6.45,16.6,0.98,0.0,,,,,11.0,24.0,,33.0,63.38,286.0,44.12,206.0,198.08,206,d3,,,model,False
223,111,8478414,Timo Meier,F,NJD,30.32,50.16,-1.38,28.75,49.57,72.39,,70.53,24.83,21.58,3.29,0.46,,,,,26.0,20.0,,58.0,89.32,202.0,52.0,55.0,92.34,55,f2,pp2,,model,False
224,112,8477964,Ivan Barbashev,F,VGK,31.13,50.06,-1.47,28.55,49.37,71.79,,71.78,18.39,28.32,3.17,0.19,,,,,22.0,36.0,,51.0,41.34,184.0,54.5,226.0,216.52,226,f1,pp2,,model,False
225,113,8477476,Artturi Lehkonen,F,COL,31.58,49.89,-1.64,23.92,48.75,73.59,volatile,67.68,22.45,23.67,3.4,0.37,,,,,23.0,26.0,,56.0,17.69,196.0,52.5,257.0,226.32,255,f1,pp2,,model,False
226,114,8478975,Mason Marchment,F,SJS,31.62,49.8,-1.73,23.55,48.74,73.35,"new team, volatile",67.18,19.83,26.81,2.89,0.27,,,,,19.0,27.0,,57.0,13.69,208.0,51.5,284.0,227.7,281,f1,pp2,,model,False
227,115,8477955,Jared McCann,F,SEA,30.67,49.75,-1.78,24.39,51.34,71.99,"PP1, volatile",62.6,20.33,25.95,3.15,0.32,,,,,28.0,32.0,,62.0,69.77,143.0,61.0,131.0,176.01,131,f1,pp1,,model,False
228,116,8478873,Troy Terry,F,ANA,29.39,49.6,-1.93,11.16,52.6,78.94,"IR at camp, volatile",56.61,16.34,30.33,2.72,0.21,,,,,19.0,39.0,,,14.32,155.0,58.0,219.0,229.6,219,,,,model,False
229,85,8480145,Neal Pionk,D,WPG,31.51,29.87,-1.94,12.24,28.09,45.5,volatile,60.63,5.13,18.79,0.82,0.0,,,,,,,,35.0,,309.0,42.51,,,409,d2,pp2,,model,False
230,86,8484768,Zayne Parekh,D,CGY,20.96,29.8,-2.01,6.35,28.12,48.13,"injury-prone, PP1, volatile",56.69,7.81,13.08,1.11,0.0,,,,,,,,35.0,,240.0,48.08,,,388,d2,pp1,,model,False
231,117,8480015,Owen Tippett,F,PHI,27.96,49.44,-2.09,27.88,48.77,70.93,,71.78,23.42,22.04,3.6,0.38,,,,,28.0,25.0,,,86.82,193.0,53.0,67.0,103.99,67,f2,pp2,,model,False
232,87,8484223,Axel Sandin-Pellikka,D,DET,21.89,29.3,-2.52,11.04,26.25,43.37,volatile,66.62,6.11,16.16,0.91,0.0,,,,,,,,,,441.0,29.3,,,457,d3,pp2,,model,False
233,118,8482097,Jack Quinn,F,BUF,25.37,49.02,-2.52,27.52,48.55,70.74,PP1,72.23,18.27,27.73,2.83,0.19,,,,,18.0,29.0,,53.0,16.15,220.0,50.0,228.0,227.17,228,f3,pp1,,model,False
234,119,8481596,Shane Pinto,F,OTT,26.22,48.96,-2.58,22.76,47.59,70.98,volatile,68.97,22.47,22.7,3.42,0.36,,,,,23.0,20.0,,50.0,14.73,255.0,46.5,232.0,229.43,232,f3,pp2,,model,False
235,120,8485406,Porter Martone,F,PHI,20.27,48.87,-2.66,6.07,52.67,81.39,"PP1, volatile",50.17,19.6,25.82,3.02,0.43,,,,,,,,68.0,,101.0,68.0,,,374,f2,pp1,,model,False
236,88,8476854,Hampus Lindholm,D,BOS,33.03,29.03,-2.78,10.45,25.41,42.62,"age 33+, PP1, volatile",65.09,4.65,19.09,0.65,0.0,,,,,,,,30.0,,407.0,35.87,,,442,d1,pp1,,model,False
237,121,8484145,Zach Benson,F,BUF,21.72,48.69,-2.84,22.07,47.65,71.54,"PP1, volatile",66.79,16.45,29.53,2.55,0.16,,,,,12.0,28.0,,61.0,12.23,216.0,50.5,352.0,227.28,349,f3,pp1,,model,False
238,122,8482745,Mason McTavish,F,STL,24.01,48.66,-2.87,23.22,47.2,70.25,"PP1, new team, volatile",69.95,19.85,25.74,2.81,0.25,,,,,18.0,26.0,,53.0,15.68,239.0,48.5,247.0,227.89,245,f2,pp1,,model,False
239,89,8484240,Tom Willander,D,VAN,21.98,28.9,-2.92,11.87,25.94,42.25,volatile,67.23,5.13,17.93,0.71,0.0,,,,,,,,,,447.0,28.9,,,458,d2,pp2,,model,False
240,123,8482665,Matty Beniers,F,SEA,24.24,48.48,-3.06,28.18,47.9,69.31,,72.22,18.93,26.41,2.93,0.21,,,,,20.0,30.0,,47.0,49.82,238.0,48.5,184.0,214.12,184,f1,pp2,,model,False
241,124,8483493,Frank Nazar,F,CHI,23.05,48.39,-3.15,22.4,47.1,70.52,"injury-prone, volatile",67.19,18.38,27.38,2.41,0.22,,,,,16.0,30.0,,54.0,20.64,221.0,50.0,227.0,225.36,227,f1,pp2,,model,False
242,90,8483506,Sam Rinzel,D,CHI,22.6,28.61,-3.2,11.12,26.77,43.34,"injury-prone, volatile",61.98,5.47,16.95,0.72,0.0,,,,,,,,33.0,,329.0,41.05,,,417,d3,,,model,False
243,91,8476892,Colton Parayko,D,STL,33.72,28.54,-3.27,10.99,25.63,41.77,"age 33+, volatile",67.82,6.58,14.46,0.93,0.0,,,,,7.0,18.0,,33.0,79.15,386.0,37.66,159.0,153.62,159,d2,,,model,False
244,125,8480802,Ryan McLeod,F,BUF,27.36,48.17,-3.36,27.5,47.69,69.76,,71.77,14.15,31.74,2.19,0.09,,,,,15.0,40.0,,55.0,6.37,178.0,55.0,310.0,230.77,307,f2,pp2,,model,False
245,92,8482803,Olen Zellweger,D,BUF,23.39,28.15,-3.66,6.89,26.74,46.4,"injury-prone, IR at camp, new team, volatile",59.24,6.47,14.21,1.0,0.0,,,,,,,,35.0,,266.0,45.95,,,394,,,,model,False
246,126,8482702,Logan Stankoven,F,CAR,23.93,47.65,-3.88,26.76,46.95,68.26,,71.58,20.29,24.19,2.92,0.25,,,,,19.0,22.0,,61.0,25.78,212.0,51.0,270.0,221.1,267,f2,pp2,,model,False
247,93,8476312,Josh Manson,D,COL,35.32,27.88,-3.93,10.57,24.46,40.73,"age 33+, volatile",67.75,4.39,18.45,0.67,0.0,,,,,5.0,24.0,,30.0,17.2,415.0,34.88,290.0,225.84,287,d3,,,model,False
248,127,8475798,Mikael Granlund,F,ANA,34.93,47.4,-4.13,21.04,46.21,69.81,"age 33+, PP1, volatile",62.58,15.93,28.65,2.65,0.16,,,,,22.0,35.0,,59.0,63.68,154.0,58.0,154.0,195.15,154,f2,pp1,,model,False
249,128,8482679,Matt Coronato,F,CGY,24.22,47.36,-4.18,27.07,47.02,68.57,PP1,71.42,19.19,25.23,2.72,0.22,,,,,19.0,29.0,,53.0,33.33,215.0,50.5,190.0,223.93,190,f1,pp1,,model,False
250,29,8478435,Dan Vladar,G,PHI,29.45,49.27,-4.2,22.06,50.46,78.0,"IR at camp, volatile",35.76,,,,,0.56,18.72,4.61,2.41,,,26.0,,66.3,103.0,67.3,134.0,178.88,134,,,g1,model,False
251,129,8477402,Pavel Buchnevich,F,STL,31.79,47.33,-4.21,26.95,47.1,68.44,,70.96,18.08,26.5,2.56,0.19,,,,,22.0,33.0,,51.0,27.96,192.0,53.0,198.0,225.99,198,f2,pp2,,model,False
252,94,8476931,Jake McCabe,D,TOR,33.31,27.57,-4.24,11.13,24.51,39.97,"age 33+, volatile",69.0,4.33,18.29,0.62,0.0,,,,,5.0,20.0,,,47.52,435.0,30.0,271.0,214.31,268,d2,,,model,False
253,130,8481580,Connor McMichael,F,STL,26.05,47.13,-4.41,26.68,46.43,67.14,new team,70.72,17.89,26.52,2.53,0.18,,,,,17.0,33.0,,53.0,7.8,209.0,51.5,248.0,230.95,246,f2,pp2,,model,False
254,95,8480796,Martin Fehérváry,D,WSH,27.32,26.82,-4.99,12.68,24.11,38.51,volatile,70.53,4.25,17.73,0.6,0.0,,,,,5.0,20.0,,,34.29,436.0,30.0,275.0,222.03,272,d2,,,model,False
255,131,8480064,Josh Norris,F,BUF,27.75,46.49,-5.04,10.88,46.23,75.26,"injury-prone, volatile",59.55,19.29,23.91,2.99,0.3,,,,,16.0,19.0,,56.0,6.66,269.0,45.5,368.0,230.81,365,f2,pp2,,model,False
256,96,8482715,Ryan Ufko,D,NSH,23.74,26.46,-5.35,2.92,26.01,45.33,"injury-prone, volatile",50.65,3.68,18.53,0.58,0.0,,,,,,,,35.0,,338.0,40.79,,,419,d2,pp2,,model,False
257,132,8482155,Alex Laferriere,F,LAK,25.26,45.97,-5.57,26.09,45.44,66.01,,71.91,20.49,22.09,3.13,0.26,,,,,20.0,22.0,,50.0,65.33,262.0,46.0,151.0,189.24,151,f2,pp2,,model,False
258,97,8481806,Louis Crevier,D,BUF,25.75,26.16,-5.65,9.79,23.04,37.82,"injury-prone, new team, volatile",69.45,5.44,14.44,0.84,0.0,,,,,,,,,,462.0,26.16,,,469,d1,,,model,False
259,98,8477506,Ryan Pulock,D,NYI,32.32,26.13,-5.68,10.55,22.95,37.99,volatile,67.77,3.56,18.51,0.51,0.0,,,,,4.0,23.0,,31.0,12.2,421.0,33.5,287.0,231.27,284,d2,,,model,False
260,133,8482079,Marco Rossi,F,VAN,25.36,45.83,-5.7,20.48,45.01,68.73,"PP1, volatile",62.07,17.14,26.11,2.38,0.21,,,,,23.0,34.0,,54.0,44.17,176.0,55.5,196.0,219.56,196,f2,pp1,,model,False
261,99,8480873,Rasmus Sandin,D,WSH,26.9,26.08,-5.74,5.46,23.13,41.69,"IR at camp, off roster: unsigned or long-term injured, check, volatile",58.35,3.64,18.28,0.51,0.0,,,,,4.0,20.0,,,3.01,456.0,28.0,360.0,232.05,357,,,,model,True
262,134,8475745,Charlie Coyle,F,CBJ,34.92,45.69,-5.84,22.12,44.91,66.49,"age 33+, PP1, volatile",69.83,17.11,25.95,2.46,0.16,,,,,23.0,36.0,,53.0,59.35,169.0,56.0,177.0,203.41,177,f3,pp1,,model,False
263,135,8482149,Cole Perfetti,F,WPG,25.08,45.68,-5.85,22.1,44.42,66.21,"PP1, volatile",67.44,17.72,24.96,2.82,0.19,,,,,15.0,24.0,,55.0,5.32,251.0,47.0,292.0,230.95,289,f1,pp1,,model,False
264,136,8471214,Alex Ovechkin,F,WSH,41.37,45.61,-5.92,11.78,48.08,72.01,"age 33+, IR at camp, PP1, volatile",58.03,21.4,20.78,3.01,0.42,,,,,35.0,33.0,,63.0,95.81,114.0,65.5,38.0,63.15,38,f2,pp1,,model,False
265,137,8484186,Ryan Leonard,F,WSH,22.03,45.61,-5.92,21.44,43.8,65.77,volatile,69.51,18.61,24.18,2.62,0.21,,,,,19.0,24.0,,55.0,24.0,231.0,49.0,252.0,221.58,250,f2,pp2,,model,False
266,138,8474586,Jordan Eberle,F,SEA,36.72,45.54,-5.99,22.01,44.41,67.42,"age 33+, PP1, volatile",68.37,18.67,23.77,2.89,0.22,,,,,23.0,30.0,,54.0,27.79,190.0,53.5,200.0,225.55,200,f2,pp1,,model,False
267,139,8477942,Kevin Fiala,F,LAK,30.53,45.48,-6.06,9.11,48.15,73.1,"IR at camp, volatile",54.46,19.04,23.18,2.91,0.35,,,,,23.0,29.0,,,71.66,201.0,52.0,149.0,197.5,149,,,,model,False
268,140,8478498,Jake DeBrusk,F,VAN,30.29,45.42,-6.11,25.87,45.22,65.2,PP1,71.32,23.42,18.37,3.25,0.38,,,,,25.0,20.0,,50.0,69.85,247.0,47.5,115.0,169.38,115,f1,pp1,,model,False
269,141,8482475,Egor Chinakhov,F,PIT,26.0,45.36,-6.18,20.86,43.63,67.0,"injury-prone, volatile",68.27,20.16,21.83,3.1,0.27,,,,,19.0,18.0,,62.0,9.23,227.0,49.5,326.0,228.19,323,f2,pp2,,model,False
270,100,8482073,Braden Schneider,D,NYR,25.37,25.36,-6.45,12.07,22.76,36.22,volatile,70.67,4.2,16.38,0.57,0.0,,,,,,,,,,472.0,25.36,,,475,d3,,,model,False
271,142,8477496,Elias Lindholm,F,BOS,32.17,44.94,-6.59,21.84,43.95,66.19,volatile,66.76,16.0,26.56,2.23,0.15,,,,,19.0,30.0,,55.0,37.75,200.0,52.0,202.0,222.81,202,f1,pp2,,model,False
272,143,8475184,Chris Kreider,F,MTL,35.76,44.85,-6.68,19.74,43.34,65.55,"age 33+, new team, volatile",67.25,20.92,20.77,2.85,0.31,,,,,21.0,27.0,,49.0,36.51,233.0,48.5,197.0,212.03,197,f1,pp2,,model,False
273,101,8474716,Jared Spurgeon,D,MIN,37.17,25.07,-6.75,9.7,22.36,37.01,"age 33+, volatile",66.83,4.52,15.26,0.77,0.0,,,,,,,,,,474.0,25.07,,,477,d2,,,model,False
274,144,8476905,Chandler Stephenson,F,SEA,32.78,44.73,-6.8,25.13,44.61,64.72,PP1,70.06,12.83,29.85,1.98,0.07,,,,,16.0,34.0,,53.0,4.28,207.0,51.5,285.0,231.64,282,f2,pp1,,model,False
275,102,8477969,Marcus Pettersson,D,NYR,30.74,25.01,-6.81,12.08,22.62,36.31,"new team, volatile",70.35,3.47,17.6,0.47,0.0,,,,,,,,,,476.0,25.01,,,479,d2,,,model,False
276,145,8482259,Bobby McMann,F,SEA,30.63,44.7,-6.83,21.62,43.62,65.38,"PP1, volatile",69.79,23.72,16.91,3.67,0.4,,,,,29.0,17.0,,63.0,42.5,185.0,54.5,191.0,216.73,191,f2,pp1,,model,False
277,103,8479398,Samuel Girard,D,PIT,28.73,24.84,-6.97,8.89,21.96,36.29,"injury-prone, volatile",63.46,3.39,17.54,0.52,0.0,,,,,,,,30.0,,416.0,34.86,,,446,d3,,,model,False
278,104,8484806,Sam Dickinson,D,SJS,20.65,24.79,-7.02,9.82,21.98,36.24,volatile,67.18,3.98,16.26,0.58,0.0,,,,,,,,30.0,,406.0,35.9,,,441,d1,,,model,False
279,146,8484911,Collin Graf,F,SJS,24.36,44.42,-7.11,25.05,43.97,64.6,injury-prone,71.15,18.65,22.86,2.72,0.2,,,,,18.0,20.0,,54.0,4.05,265.0,46.0,343.0,230.64,340,f2,,,model,False
280,105,8478851,Alexandre Carrier,D,MTL,30.32,24.57,-7.25,9.37,21.49,35.85,volatile,67.57,4.34,15.29,0.59,0.0,,,,,,,,,,478.0,24.57,,,481,d2,,,model,False
281,106,8478450,Parker Wotherspoon,D,VGK,29.44,24.44,-7.37,9.75,21.8,35.31,"injury-prone, new team, volatile",69.94,2.4,19.23,0.41,0.0,,,,,,,,,,480.0,24.44,,,483,d2,,,model,False
282,107,8482858,Ryker Evans,D,SEA,25.14,24.39,-7.42,9.19,21.55,35.81,volatile,65.74,5.31,12.96,0.82,0.0,,,,,,,,,,481.0,24.39,,,484,d2,,,model,False
283,108,8479983,Mario Ferraro,D,WPG,28.38,24.37,-7.44,12.0,22.23,34.94,"new team, volatile",70.54,4.81,13.98,0.76,0.0,,,,,6.0,16.0,,,17.36,455.0,28.0,278.0,229.56,275,d3,,,model,False
284,147,8478042,Viktor Arvidsson,F,DET,33.82,44.09,-7.45,20.06,43.27,65.09,"age 33+, PP1, new team, volatile",65.96,19.09,21.91,2.84,0.25,,,,,23.0,25.0,,42.0,10.13,274.0,45.0,236.0,230.98,235,f2,pp1,,model,False
285,109,8482245,Artem Zub,D,OTT,31.33,24.3,-7.51,8.97,21.4,36.47,"IR at camp, volatile",60.18,3.68,16.39,0.56,0.0,,,,,5.0,20.0,,,4.6,438.0,30.0,330.0,232.56,327,d1,,,model,False
286,110,8479998,Mikey Anderson,D,LAK,27.69,24.07,-7.74,9.65,21.22,34.97,volatile,69.88,3.96,15.54,0.61,0.0,,,,,,,,,,488.0,24.07,,,491,d1,,,model,False
287,111,8476457,Adam Larsson,D,SEA,34.22,24.02,-7.79,9.78,21.11,34.87,"age 33+, volatile",68.82,4.69,13.91,0.73,0.0,,,,,6.0,17.0,,,41.97,442.0,29.0,255.0,220.43,253,d1,,,model,False
288,148,8477989,Christian Dvorak,F,PHI,31.0,43.74,-7.79,25.2,43.22,63.43,,70.56,16.17,24.95,2.49,0.14,,,,,17.0,28.0,,49.0,3.79,250.0,47.0,282.0,231.71,279,f3,,,model,False
289,112,8476463,Jonas Brodin,D,MIN,33.56,23.97,-7.84,9.44,21.37,35.71,"age 33+, injury-prone, volatile",62.71,4.21,14.83,0.72,0.0,,,,,,,,,,490.0,23.97,,,493,d2,,,model,False
290,113,8478970,Jalen Chatfield,D,CAR,30.72,23.9,-7.91,9.3,20.91,35.28,volatile,67.01,4.72,13.79,0.68,0.0,,,,,,,,,,491.0,23.9,,,494,d1,,,model,False
291,114,8476958,Jaccob Slavin,D,CAR,32.76,23.9,-7.92,4.56,21.76,38.77,volatile,55.62,3.81,15.72,0.55,0.0,,,,,,,,32.0,,379.0,38.25,,,437,d1,,,model,False
292,149,8486067,Gavin McKenna,F,TOR,19.12,43.45,-8.09,16.08,41.21,74.21,"rookie/import, volatile",65.0,14.22,27.03,2.1,0.1,,,,,19.0,23.0,,63.0,82.65,199.0,52.5,205.0,145.18,205,f2,pp2,,rookie,False
293,150,8475168,Matt Duchene,F,DAL,36.04,43.23,-8.3,6.91,46.09,71.9,"age 33+, IR at camp, PP1, volatile",52.31,14.65,26.04,2.36,0.18,,,,,27.0,50.0,,65.0,76.65,80.0,71.0,121.0,158.49,121,f3,pp1,,model,False
294,115,8483687,Marek Alscher,D,FLA,22.82,23.48,-8.33,0.38,22.86,41.06,"not in DF lineup, volatile",45.92,2.82,17.42,0.41,0.0,,,,,,,,,,496.0,23.48,,,499,,,,model,False
295,116,8478911,Matt Roy,D,WSH,31.92,23.44,-8.37,9.35,20.73,34.07,volatile,68.75,3.35,16.27,0.47,0.0,,,,,,,,,,497.0,23.44,,,500,d1,,,model,False
296,117,8477507,Nikita Zadorov,D,BOS,31.8,23.38,-8.43,8.98,20.75,33.97,volatile,69.47,3.58,15.72,0.5,0.0,,,,,4.0,18.0,,,18.87,465.0,26.0,309.0,221.46,306,d2,,,model,False
297,118,8481568,Alex Vlasic,D,CHI,25.66,23.05,-8.76,10.88,20.87,33.62,volatile,70.11,2.83,17.03,0.37,0.0,,,,,,,,,,502.0,23.05,,,505,d1,,,model,False
298,151,8477497,Sean Monahan,F,CBJ,32.31,42.69,-8.84,20.12,41.52,62.14,volatile,69.46,15.64,24.67,2.25,0.13,,,,,17.0,29.0,,46.0,5.68,261.0,46.0,250.0,231.79,248,f2,pp2,,model,False
299,119,8477499,Rasmus Ristolainen,D,PHI,32.27,22.92,-8.9,4.76,20.49,36.92,"injury-prone, volatile",57.39,3.7,14.95,0.57,0.0,,,,,,,,,,503.0,22.92,,,506,d1,,,model,False
300,152,8477505,Alexander Wennberg,F,SJS,32.36,42.63,-8.91,24.38,42.27,61.66,PP1,70.01,13.76,26.77,2.0,0.09,,,,,17.0,35.0,,45.0,26.07,237.0,48.5,239.0,224.95,238,f2,pp1,,model,False
301,120,8474151,Ryan McDonagh,D,TBL,37.64,22.87,-8.94,4.74,20.77,37.53,"age 33+, volatile",56.57,3.41,15.53,0.53,0.0,,,,,,,,,,504.0,22.87,,,507,d3,,,model,False
302,153,8482157,Will Cuylle,F,NYR,24.99,42.27,-9.26,21.57,40.03,62.08,volatile,71.5,20.04,19.25,2.74,0.25,,,,,19.0,19.0,,50.0,64.72,290.0,44.0,160.0,191.08,160,f3,pp2,,model,False
303,154,8486103,Ivar Stenberg,F,SJS,19.34,42.19,-9.35,16.29,40.32,72.27,"rookie/import, volatile",65.0,14.25,25.73,2.11,0.09,,,,,10.0,14.0,,61.0,44.06,312.0,42.5,375.0,209.63,370,f2,pp2,,rookie,False
304,121,8484152,Luca Cagnoni,D,SJS,22.11,22.42,-9.39,0.66,21.2,38.98,"injury-prone, PP1, volatile",45.42,3.39,15.14,0.49,0.0,,,,,,,,,,511.0,22.42,,,514,d3,pp1,,model,False
305,122,8480049,Dylan Samberg,D,WPG,28.02,22.27,-9.54,8.39,19.92,32.97,volatile,65.2,3.11,15.56,0.49,0.0,,,,,,,,,,513.0,22.27,,,516,d2,,,model,False
306,123,8481525,Matthew Robertson,D,NYR,25.9,22.26,-9.56,8.64,19.57,32.31,"not in DF lineup, volatile",67.1,4.8,12.01,0.66,0.0,,,,,,,,,,515.0,22.26,,,518,,,,model,False
307,124,8482733,Logan Mailloux,D,STL,23.8,22.09,-9.72,3.9,19.63,35.82,"injury-prone, IR at camp, volatile",55.63,5.22,10.92,0.74,0.0,,,,,,,,30.0,,364.0,39.7,,,433,d1,pp2,,model,False
308,125,8482176,Wyatt Kaiser,D,CHI,24.51,22.06,-9.76,8.64,19.85,32.24,"injury-prone, volatile",68.69,4.86,11.7,0.64,0.0,,,,,,,,,,518.0,22.06,,,521,d2,,,model,False
309,30,8482137,Yaroslav Askarov,G,SJS,24.63,43.59,-9.89,21.59,44.28,69.0,"tandem, volatile",36.37,,,,,0.44,18.28,3.77,1.09,,,19.0,,13.93,285.0,44.41,322.0,226.29,319,,,g1,model,False
310,126,8483763,Maksymilian Szuber,D,MTL,24.44,21.92,-9.9,3.33,21.55,44.7,"not in DF lineup, new team, volatile",44.41,3.92,13.55,0.53,0.0,,,,,,,,,,524.0,21.92,,,525,,,,model,False
311,155,8485391,Anton Frondell,F,CHI,19.74,41.6,-9.93,3.78,45.21,68.91,"PP1, volatile",50.1,14.58,24.92,1.91,0.19,,,,,,,,62.0,,136.0,62.0,,,376,f2,pp1,,model,False
312,156,8475726,Tyler Toffoli,F,SJS,34.77,41.6,-9.93,19.78,40.32,60.28,"age 33+, volatile",68.51,18.4,20.31,2.68,0.21,,,,,23.0,30.0,,44.0,55.89,235.0,48.5,163.0,205.53,163,f3,pp2,,model,False
313,127,8476917,Adam Pelech,D,NYI,32.46,21.83,-9.98,8.56,19.13,31.67,"injury-prone, volatile",69.31,3.27,14.82,0.47,0.0,,,,,,,,,,525.0,21.83,,,526,d1,,,model,False
314,128,8484759,Carter Yakemchuk,D,OTT,21.34,21.75,-10.06,0.25,20.98,38.28,volatile,45.6,3.96,13.22,0.6,0.0,,,,,,,,30.0,,396.0,36.92,,,439,d3,pp2,,model,False
315,129,8484304,Uvis Balinskis,D,FLA,30.5,21.69,-10.12,7.44,19.14,32.05,"injury-prone, not in DF lineup, volatile",61.08,4.56,11.91,0.66,0.0,,,,,,,,,,527.0,21.69,,,528,,,,model,False
316,130,8479980,Nicolas Hague,D,NSH,28.16,21.67,-10.14,8.18,19.39,32.06,volatile,63.44,4.05,12.93,0.64,0.0,,,,,,,,31.0,,378.0,38.4,,,436,d2,,,model,False
317,31,8481033,Akira Schmid,G,FLA,26.72,43.3,-10.17,7.96,40.89,78.06,"backup, new team, volatile",26.73,,,,,0.33,17.41,4.27,1.4,,,10.0,,2.26,468.0,26.0,337.0,230.81,334,,,g2,model,False
318,131,8482482,Adam Wilsby,D,NSH,26.49,21.61,-10.2,7.48,19.01,32.37,"injury-prone, volatile",62.57,2.94,15.27,0.46,0.0,,,,,,,,,,530.0,21.61,,,531,d3,,,model,False
319,157,8476882,Teuvo Teravainen,F,CHI,32.39,41.23,-10.31,19.28,40.13,59.99,"not in DF lineup, volatile",68.38,14.26,25.0,1.87,0.1,,,,,16.0,29.0,,48.0,4.56,254.0,46.5,276.0,231.51,273,,,,model,False
320,158,8481601,Simon Holmstrom,F,NYI,25.69,41.15,-10.38,21.07,38.94,60.59,volatile,70.44,17.3,21.2,2.48,0.17,,,,,19.0,24.0,,,2.1,303.0,43.0,319.0,231.52,316,f1,pp2,,model,False
321,159,8482089,Jake Neighbours,F,STL,24.85,41.15,-10.39,19.67,40.46,60.5,volatile,67.27,18.44,19.87,2.61,0.22,,,,,17.0,22.0,,45.0,4.64,316.0,42.0,304.0,231.34,301,f3,pp2,,model,False
322,160,8482110,Dawson Mercer,F,NJD,25.26,41.12,-10.41,21.01,38.46,59.86,volatile,71.41,19.66,18.62,2.6,0.24,,,,,20.0,20.0,,45.0,6.5,311.0,42.5,251.0,231.31,249,f3,,,model,False
323,161,8484390,Roman Kantserov,F,CHI,22.37,41.11,-10.43,15.35,38.55,70.18,"rookie/import, PP1, volatile",65.0,18.7,19.56,2.6,0.24,,,,,,,,45.0,,282.0,45.0,,,399,f1,pp1,,rookie,False
324,162,8482145,Mavrik Bourque,F,NSH,25.07,41.07,-10.46,20.43,38.64,60.48,"new team, volatile",71.2,17.74,20.37,2.79,0.18,,,,,19.0,21.0,,55.0,4.71,248.0,47.5,302.0,231.26,299,f3,pp2,,model,False
325,163,8480220,Noah Cates,F,PHI,27.99,41.06,-10.47,21.02,38.67,60.16,volatile,71.33,15.37,23.21,2.36,0.12,,,,,16.0,27.0,,48.0,4.35,270.0,45.5,279.0,231.79,276,f1,pp2,,model,False
326,132,8480246,Nick Perbix,D,NSH,28.63,21.29,-10.52,7.95,18.87,31.01,"not in DF lineup, volatile",69.25,3.61,13.5,0.57,0.0,,,,,,,,,,534.0,21.29,,,535,,,,model,False
327,133,8478136,Jake Middleton,D,CGY,31.08,21.29,-10.53,8.29,19.06,30.94,"new team, volatile",67.53,4.01,12.7,0.57,0.0,,,,,,,,,,535.0,21.29,,,536,d2,,,model,False
328,134,8482166,Shakir Mukhamadullin,D,EDM,25.06,21.21,-10.61,4.76,18.69,33.57,"injury-prone, new team, volatile",59.92,4.79,10.85,0.78,0.0,,,,,,,,,,536.0,21.21,,,537,d3,,,model,False
329,164,8473419,Brad Marchand,F,FLA,38.73,40.87,-10.67,6.32,44.08,69.11,"age 33+, IR at camp, volatile",49.42,17.41,20.6,2.54,0.32,,,,,29.0,31.0,,,72.3,147.0,60.0,135.0,175.2,135,,,,model,False
330,135,8482095,Tyler Kleven,D,OTT,25.06,21.09,-10.73,8.37,19.03,30.96,volatile,66.33,3.69,13.14,0.56,0.0,,,,,,,,,,540.0,21.09,,,541,d3,,,model,False
331,165,8484210,Gabe Perreault,F,NYR,21.74,40.77,-10.77,18.42,40.09,61.03,"injury-prone, volatile",60.85,17.07,21.16,2.33,0.21,,,,,,,,57.0,,166.0,57.0,,,377,f1,pp2,,model,False
332,136,8480043,Timothy Liljegren,D,WSH,27.76,20.91,-10.9,4.76,18.78,33.67,"injury-prone, volatile",58.97,3.3,13.84,0.46,0.0,,,,,,,,,,545.0,20.91,,,545,d2,,,model,False
333,166,8477451,Ryan Hartman,F,MIN,32.37,40.61,-10.92,17.05,37.4,60.07,volatile,68.29,18.54,18.71,3.15,0.21,,,,,22.0,20.0,,49.0,55.9,268.0,45.5,168.0,207.86,168,f3,pp2,,model,False
334,137,8480860,Kevin Bahl,D,CGY,26.6,20.82,-11.0,8.11,18.16,30.49,volatile,68.24,3.13,14.11,0.44,0.0,,,,,,,,,,547.0,20.82,,,547,d1,,,model,False
335,138,8476331,Dylan DeMelo,D,WPG,33.75,20.8,-11.02,7.99,18.28,30.2,"age 33+, volatile",68.69,2.61,15.17,0.41,0.0,,,,,,,,,,548.0,20.8,,,548,d1,,,model,False
336,167,8476455,Gabriel Landeskog,F,COL,34.19,40.51,-11.03,18.29,39.76,60.43,"age 33+, PP1, volatile",62.46,15.84,22.1,2.4,0.16,,,,,14.0,20.0,,58.0,18.29,259.0,46.0,323.0,226.23,320,f2,pp1,,model,False
337,139,8477220,Nate Schmidt,D,UTA,35.55,20.64,-11.17,8.12,18.43,30.58,"age 33+, volatile",67.95,3.7,12.71,0.54,0.0,,,,,,,,,,551.0,20.64,,,551,d2,,,model,False
338,168,8479999,Casey Mittelstadt,F,BOS,28.19,40.29,-11.24,16.42,37.04,59.73,volatile,67.86,13.38,24.96,1.86,0.09,,,,,16.0,29.0,,45.0,1.92,276.0,45.0,348.0,231.23,345,f2,pp2,,model,False
339,169,8480028,Morgan Frost,F,CGY,27.72,40.27,-11.26,20.33,38.27,59.53,"PP1, volatile",71.28,16.34,21.48,2.32,0.14,,,,,19.0,22.0,,47.0,6.46,289.0,44.0,238.0,231.54,237,f1,pp1,,model,False
340,32,8478499,Adin Hill,G,VGK,30.73,42.17,-11.3,7.78,40.32,76.02,"tandem, volatile",30.26,,,,,0.37,15.97,4.53,1.9,,,19.0,,6.67,222.0,50.0,280.0,230.11,277,,,g2,model,False
341,170,8475692,Mats Zuccarello,F,LAK,39.42,40.21,-11.33,6.08,41.28,67.89,"age 33+, IR at camp, PP1, new team, volatile",51.51,10.91,27.55,1.67,0.08,,,,,16.0,39.0,,53.0,22.56,188.0,54.0,210.0,226.71,210,f2,pp1,,model,False
342,33,8476341,Anton Forsberg,G,LAK,34.18,42.05,-11.42,7.76,40.21,75.81,"age 33+, backup, volatile",28.67,,,,,0.35,16.53,3.79,1.73,,,16.0,,40.56,322.0,42.0,180.0,218.71,180,,,g2,model,False
343,171,8481554,Kaapo Kakko,F,SEA,25.97,40.03,-11.5,18.78,39.0,58.97,"injury-prone, volatile",65.77,13.66,24.16,2.11,0.1,,,,,13.0,28.0,,49.0,1.59,277.0,45.0,370.0,230.76,367,f3,pp2,,model,False
344,140,8482165,Yan Kuznetsov,D,CGY,24.9,20.23,-11.58,7.94,18.11,30.05,"injury-prone, volatile",62.05,4.47,10.67,0.63,0.0,,,,,,,,,,558.0,20.23,,,558,d3,,,model,False
345,172,8479400,Pierre-Luc Dubois,F,WSH,28.61,39.93,-11.6,8.27,40.35,65.85,"PP1, volatile",54.84,13.18,24.77,1.85,0.12,,,,,17.0,34.0,,54.0,9.9,198.0,52.5,264.0,230.22,262,f1,pp1,,model,False
346,173,8475791,Taylor Hall,F,CAR,35.22,39.9,-11.64,17.26,37.42,59.33,"age 33+, volatile",68.38,14.77,22.9,2.12,0.11,,,,,17.0,29.0,,51.0,7.6,236.0,48.5,303.0,230.63,300,f2,pp2,,model,False
347,34,8480947,Kevin Lankinen,G,VAN,31.76,41.82,-11.66,18.72,42.49,66.2,"tandem, volatile",39.93,,,,,0.49,16.89,3.98,1.35,,,22.0,,8.54,205.0,52.0,207.0,229.35,207,,,g1,model,False
348,174,8478438,Tommy Novak,F,PIT,29.76,39.82,-11.72,19.74,38.06,58.81,"PP1, volatile",71.24,15.18,22.18,2.34,0.11,,,,,15.0,26.0,,41.0,1.71,333.0,41.0,324.0,231.1,321,f2,pp1,,model,False
349,141,8482087,Kaiden Guhle,D,MTL,25.04,19.94,-11.87,1.0,18.38,34.06,"injury-prone, IR at camp",46.86,3.79,11.85,0.52,0.0,,,,,,,,,,562.0,19.94,,,562,,,,model,False
350,142,8480727,Zach Whitecloud,D,CGY,30.18,19.93,-11.89,7.81,17.53,28.98,,68.72,3.0,13.51,0.42,0.0,,,,,,,,,,563.0,19.93,,,563,d3,,,model,False
351,143,8476441,Joel Edmundson,D,LAK,33.6,19.82,-11.99,7.73,17.43,28.71,age 33+,68.63,3.11,13.14,0.47,0.0,,,,,,,,,,565.0,19.82,,,565,d2,,,model,False
352,175,8475314,Anders Lee,F,UTA,36.58,39.39,-12.14,16.02,36.14,58.73,"age 33+, new team, volatile",68.47,18.72,17.69,2.76,0.22,,,,,20.0,24.0,,53.0,46.37,234.0,48.5,171.0,215.57,171,f2,pp2,,model,False
353,144,8474565,Alex Pietrangelo,D,VGK,37.04,19.65,-12.16,2.22,19.01,41.26,"age 33+, off roster: unsigned or long-term injured, check, not in DF lineup",41.38,2.77,13.63,0.48,0.0,,,,,,,,,,570.0,19.65,,,570,,,,model,True
354,145,8478840,Will Borgen,D,BOS,30.12,19.52,-12.29,7.59,17.38,28.75,new team,67.72,3.63,11.75,0.51,0.0,,,,,,,,,,576.0,19.52,,,576,d1,,,model,False
355,146,8476874,Olli Maatta,D,MIN,32.45,19.34,-12.47,3.36,17.38,31.28,new team,56.53,2.69,13.5,0.46,0.0,,,,,,,,,,584.0,19.34,,,584,d3,,,model,False
356,147,8479369,Andrew Peeke,D,UTA,28.88,19.19,-12.63,7.43,16.89,27.92,new team,68.37,3.34,12.01,0.49,0.0,,,,,,,,,,588.0,19.19,,,588,d3,,,model,False
357,148,8480035,Henri Jokiharju,D,BOS,27.63,19.12,-12.69,3.98,17.24,30.84,injury-prone,56.83,2.74,13.25,0.38,0.0,,,,,,,,,,590.0,19.12,,,590,d3,,,model,False
358,35,8479361,Joseph Woll,G,PHI,28.56,40.63,-12.84,7.47,38.84,73.24,"backup, new team, volatile",28.62,,,,,0.35,15.46,4.05,1.88,,,17.0,,13.95,281.0,45.0,216.0,227.9,216,,,g2,model,False
359,176,8481716,Dmitri Voronkov,F,CBJ,26.39,38.66,-12.87,15.26,35.93,57.9,volatile,65.1,18.53,17.24,2.66,0.23,,,,,19.0,17.0,,41.0,2.42,375.0,38.5,299.0,231.68,296,f4,,,model,False
360,177,8481711,Matias Maccelli,F,NYI,26.3,38.65,-12.89,16.65,35.76,57.33,"PP1, new team, volatile",67.74,12.74,24.01,1.83,0.08,,,,,14.0,29.0,,40.0,1.5,327.0,41.5,350.0,230.91,347,f2,pp1,,model,False
361,149,8481527,Kaedan Korczak,D,PIT,26.01,18.9,-12.91,7.67,16.56,27.38,"injury-prone, new team",68.67,2.54,13.43,0.39,0.0,,,,,,,,,,595.0,18.9,,,595,d3,,,model,False
362,150,8484150,Hunter Brzustewicz,D,CGY,22.17,18.88,-12.93,3.27,17.21,30.63,"injury-prone, not in DF lineup",54.55,3.66,11.05,0.52,0.0,,,,,,,,,,596.0,18.88,,,596,,,,model,False
363,178,8476432,Boone Jenner,F,WSH,33.63,38.58,-12.95,16.0,35.81,58.18,"age 33+, injury-prone, new team, volatile",64.77,15.47,20.8,2.17,0.14,,,,,13.0,22.0,,45.0,5.91,345.0,40.0,272.0,231.46,269,f4,,,model,False
364,151,8478859,Niko Mikkola,D,FLA,30.77,18.71,-13.11,7.06,16.8,27.52,,65.1,3.64,10.89,0.53,0.0,,,,,,,,,,603.0,18.71,,,603,d2,,,model,False
365,179,8478458,Jack Roslovic,F,TOR,30.01,38.39,-13.14,16.21,35.88,57.69,"PP1, new team, volatile",66.87,18.09,17.5,2.6,0.21,,,,,22.0,15.0,,44.0,7.94,340.0,40.5,307.0,230.48,304,f1,pp1,,model,False
366,152,8474574,Tyler Myers,D,DAL,37.0,18.6,-13.21,6.8,16.36,27.37,age 33+,64.24,2.96,12.21,0.48,0.0,,,,,,,,,,607.0,18.6,,,607,d3,,,model,False
367,153,8482929,Emil Lilleberg,D,TBL,26.0,18.6,-13.22,4.28,16.78,29.57,"injury-prone, not in DF lineup",59.62,2.94,12.26,0.45,0.0,,,,,,,,,,608.0,18.6,,,608,,,,model,False
368,180,8476539,Jonathan Marchessault,F,NSH,36.1,38.29,-13.24,17.8,37.86,56.98,"age 33+, volatile",62.43,16.26,19.3,2.55,0.18,,,,,22.0,27.0,,47.0,44.77,241.0,48.0,173.0,215.8,173,f3,pp2,,model,False
369,181,8478856,Conor Garland,F,CBJ,30.89,38.24,-13.29,15.84,35.81,57.33,volatile,67.26,14.21,21.88,2.04,0.1,,,,,14.0,25.0,,46.0,3.05,310.0,42.5,288.0,231.58,285,f2,pp2,,model,False
370,182,8484994,Igor Chernyshov,F,SJS,21.17,38.17,-13.36,6.67,37.98,62.42,"PP1, volatile",54.26,15.99,19.64,2.33,0.22,,,,,,,,54.0,,189.0,54.0,,,378,f3,pp1,,model,False
371,154,8476891,Matt Grzelcyk,D,BUF,33.07,18.43,-13.38,6.93,16.17,27.23,"age 33+, not in DF lineup, new team",64.51,1.74,14.69,0.27,0.0,,,,,,,,,,612.0,18.43,,,612,,,,model,False
372,155,8481006,Tyler Tucker,D,STL,26.92,18.39,-13.42,7.24,16.37,26.93,"injury-prone, not in DF lineup",65.7,3.29,11.35,0.47,0.0,,,,,,,,,,615.0,18.39,,,615,,,,model,False
373,183,8482092,Ridly Greig,F,OTT,24.48,38.04,-13.49,16.32,35.7,56.72,volatile,69.51,14.79,20.88,2.25,0.11,,,,,13.0,23.0,,43.0,2.21,367.0,39.5,301.0,231.51,298,f3,,,model,False
374,156,8480878,Nils Lundkvist,D,DAL,26.52,18.25,-13.57,6.66,16.37,27.09,injury-prone,60.22,2.84,12.11,0.46,0.0,,,,,,,,,,621.0,18.25,,,621,d2,,,model,False
375,157,8475188,Brayden McNabb,D,VGK,36.03,18.19,-13.63,6.26,16.16,27.11,age 33+,61.34,3.65,10.25,0.63,0.0,,,,,,,,,,624.0,18.19,,,624,d1,,,model,False
376,158,8476473,Connor Murphy,D,EDM,33.85,18.12,-13.69,7.11,16.12,26.52,age 33+,67.68,3.15,11.3,0.51,0.0,,,,,,,,,,625.0,18.12,,,625,d2,,,model,False
377,159,8476967,Brett Kulak,D,COL,33.07,18.12,-13.7,7.25,15.92,26.4,age 33+,68.65,3.03,11.6,0.46,0.0,,,,,,,,,,627.0,18.12,,,627,d2,,,model,False
378,184,8475722,Jason Zucker,F,BUF,35.04,37.83,-13.7,7.01,38.17,63.15,"age 33+, IR at camp, volatile",53.34,16.84,18.13,2.61,0.25,,,,,23.0,24.0,,52.0,5.57,225.0,49.5,254.0,231.8,252,,,,model,False
379,185,8479675,Trevor Moore,F,LAK,31.84,37.77,-13.77,15.24,35.07,56.96,volatile,66.22,16.37,18.73,2.5,0.16,,,,,19.0,23.0,,42.0,9.74,315.0,42.0,215.0,230.74,215,f3,pp2,,model,False
380,186,8484221,Calum Ritchie,F,NYI,22.03,37.76,-13.77,15.7,35.29,57.18,"injury-prone, volatile",65.59,15.74,19.62,2.26,0.15,,,,,,,,46.0,,263.0,46.0,,,392,f2,pp2,,model,False
381,187,8475170,Brayden Schenn,F,NYI,35.45,37.73,-13.8,16.33,35.56,56.29,"age 33+, PP1, volatile",68.11,15.52,19.85,2.23,0.13,,,,,22.0,26.0,,50.0,20.53,229.0,49.0,213.0,226.26,213,f2,pp1,,model,False
382,160,8484188,Theo Lindstein,D,STL,22.07,17.96,-13.85,1.29,16.38,30.7,,49.03,4.35,8.65,0.62,0.0,,,,,,,,,,629.0,17.96,,,629,d2,,,model,False
383,188,8473512,Claude Giroux,F,OTT,39.06,37.64,-13.9,15.0,34.51,55.9,"age 33+, volatile",67.52,11.09,24.8,1.69,0.05,,,,,15.0,36.0,,42.0,10.15,253.0,46.5,237.0,230.1,236,f4,pp2,,model,False
384,36,8478406,Mackenzie Blackwood,G,COL,30.15,39.54,-13.93,7.27,37.34,71.29,"backup, volatile",28.37,,,,,0.35,15.46,2.57,2.02,,,23.0,,82.96,156.0,58.0,119.0,134.82,119,,,g2,model,False
385,189,8477429,Andrew Copp,F,DET,32.57,37.48,-14.06,15.73,34.97,55.84,"PP1, volatile",69.1,11.59,24.11,1.72,0.06,,,,,10.0,30.0,,40.0,1.48,349.0,40.0,334.0,231.16,331,f1,pp1,,model,False
386,190,8475794,Tyler Seguin,F,DAL,35.0,37.46,-14.08,5.81,38.03,63.23,"age 33+, injury-prone, volatile",51.71,15.18,19.63,2.45,0.2,,,,,17.0,18.0,,55.0,3.98,272.0,45.0,341.0,230.57,338,f2,pp2,,model,False
387,161,8481719,Max Crozier,D,TBL,26.79,17.7,-14.11,3.17,16.4,29.17,injury-prone,54.72,2.48,12.37,0.38,0.0,,,,,,,,,,634.0,17.7,,,634,d2,,,model,False
388,191,8478474,Lawson Crouse,F,UTA,29.61,37.31,-14.22,19.06,35.76,55.15,volatile,70.51,18.68,15.67,2.75,0.21,,,,,24.0,18.0,,44.0,23.37,301.0,43.0,209.0,225.61,209,f3,,,model,False
389,37,8476932,Anthony Stolarz,G,TOR,33.03,39.15,-14.33,7.22,37.43,70.57,"age 33+, backup, volatile",27.14,,,,,0.33,16.15,3.34,1.17,,,,,,368.0,39.15,,,434,,,g2,model,False
390,162,8482111,Justin Barron,D,NSH,25.21,17.48,-14.33,6.47,15.66,25.89,"injury-prone, not in DF lineup",60.1,3.69,9.52,0.58,0.0,,,,,,,,,,638.0,17.48,,,638,,,,model,False
391,163,8482126,Emil Andrae,D,TOR,24.94,17.48,-14.34,6.8,15.53,25.84,"injury-prone, not in DF lineup, new team",63.01,2.91,11.25,0.42,0.0,,,,,,,,,,639.0,17.48,,,639,,,,model,False
392,164,8479371,Dante Fabbro,D,CBJ,28.62,17.47,-14.34,3.92,15.76,28.03,IR at camp,57.54,4.0,8.89,0.58,0.0,,,,,,,,,,640.0,17.47,,,640,,,,model,False
393,165,8481014,Alexander Romanov,D,NYI,27.07,17.41,-14.4,1.55,15.95,29.42,injury-prone,48.05,3.22,10.52,0.46,0.0,,,,,,,,30.0,,390.0,37.02,,,438,d2,,,model,False
394,166,8486166,Viking Gustafsson Nyberg,D,MIN,23.36,17.4,-14.41,2.48,16.2,35.12,not in DF lineup,44.25,3.15,10.58,0.53,0.0,,,,,,,,,,643.0,17.4,,,643,,,,model,False
395,167,8483425,Lian Bichsel,D,DAL,22.71,17.25,-14.56,3.98,15.26,27.47,injury-prone,59.41,4.44,7.65,0.72,0.0,,,,,,,,,,645.0,17.25,,,645,d3,,,model,False
396,192,8476399,Blake Coleman,F,MIN,35.18,36.92,-14.61,15.21,34.16,55.2,"age 33+, new team, volatile",64.66,17.61,16.12,2.99,0.2,,,,,23.0,18.0,,48.0,60.67,284.0,44.5,153.0,198.52,153,f1,pp2,,model,False
397,168,8481219,Jonathan Aspirot,D,BOS,27.72,17.18,-14.64,6.24,15.34,25.65,not in DF lineup,62.97,3.21,10.3,0.45,0.0,,,,,,,,,,647.0,17.18,,,647,,,,model,False
398,193,8480797,Joel Farabee,F,CGY,26.93,36.89,-14.65,18.45,35.0,53.63,"PP1, volatile",70.91,16.77,17.58,2.38,0.15,,,,,20.0,19.0,,42.0,5.69,341.0,40.5,240.0,231.76,239,f2,pp1,,model,False
399,169,8478399,Jonas Siegenthaler,D,NJD,29.74,17.15,-14.67,6.75,15.01,24.79,injury-prone,69.78,2.15,12.56,0.28,0.0,,,,,,,,,,648.0,17.15,,,648,d1,,,model,False
400,170,8479324,Ryan Lindgren,D,SEA,28.97,17.04,-14.77,6.37,15.02,24.81,,67.8,2.83,10.94,0.44,0.0,,,,,,,,,,651.0,17.04,,,651,d3,,,model,False
401,194,8480748,Kiefer Sherwood,F,SJS,31.84,36.74,-14.79,15.12,33.96,55.09,volatile,67.0,17.64,16.34,2.57,0.19,,,,,20.0,16.0,,40.0,52.19,382.0,38.0,188.0,203.19,188,f4,,,model,False
402,195,8482705,Cole Sillinger,F,CBJ,23.72,36.74,-14.8,18.76,35.24,54.23,volatile,70.69,11.87,23.11,1.71,0.06,,,,,9.0,24.0,,45.0,1.63,370.0,39.0,320.0,231.18,317,f3,,,model,False
403,171,8475279,Ben Chiarot,D,DET,35.73,17.02,-14.8,6.63,15.04,24.74,age 33+,67.45,3.69,9.09,0.55,0.0,,,,,,,,,,652.0,17.02,,,652,d3,,,model,False
404,196,8477416,Oliver Bjorkstrand,F,NYR,31.81,36.67,-14.86,15.58,33.71,54.09,"new team, volatile",69.54,13.68,21.03,1.87,0.09,,,,,16.0,27.0,,45.0,19.08,288.0,44.0,201.0,228.71,201,f2,pp2,,model,False
405,172,8475208,Brian Dumoulin,D,LAK,35.41,16.92,-14.89,6.39,14.88,24.82,age 33+,67.58,2.57,11.38,0.39,0.0,,,,,,,,,,653.0,16.92,,,653,d3,,,model,False
406,197,8483524,Shane Wright,F,SEA,23.07,36.62,-14.92,15.53,33.61,54.25,volatile,68.29,15.48,18.61,2.39,0.13,,,,,,,,42.0,,317.0,42.0,,,411,f3,pp2,,model,False
407,173,8479982,Conor Timmins,D,BUF,28.37,16.88,-14.93,3.37,15.33,27.62,injury-prone,55.89,2.15,12.24,0.33,0.0,,,,,,,,,,654.0,16.88,,,654,d2,,,model,False
408,174,8483017,Frederic Brunet,D,BOS,23.45,16.81,-15.0,2.3,15.99,33.97,not in DF lineup,43.55,2.97,10.45,0.41,0.0,,,,,,,,,,655.0,16.81,,,655,,,,model,False
409,198,8482660,Kent Johnson,F,CBJ,24.29,36.49,-15.04,15.55,33.79,54.21,"PP1, volatile",68.82,13.21,21.3,1.9,0.08,,,,,18.0,28.0,,44.0,3.82,278.0,45.0,305.0,231.39,302,f1,pp1,,model,False
410,199,8484860,Matvei Gridin,F,CGY,20.92,36.48,-15.05,8.32,36.63,58.68,"PP1, volatile",57.02,11.78,22.94,1.67,0.08,,,,,,,,46.0,,264.0,46.0,,,393,f1,pp1,,model,False
411,175,8478416,Erik Cernak,D,TBL,29.68,16.69,-15.12,5.83,14.62,24.66,,62.92,2.71,10.85,0.42,0.0,,,,,,,,,,656.0,16.69,,,656,d3,,,model,False
412,176,8474013,Ian Cole,D,CHI,37.94,16.65,-15.17,6.47,14.65,24.36,"age 33+, new team",66.55,2.19,11.97,0.29,0.0,,,,,,,,,,657.0,16.65,,,657,d3,,,model,False
413,177,8481593,Jayden Struble,D,MTL,25.4,16.42,-15.39,6.02,14.69,24.4,injury-prone,62.25,2.55,10.99,0.35,0.0,,,,,,,,,,661.0,16.42,,,661,d3,,,model,False
414,38,8480045,Ukko-Pekka Luukkonen,G,BUF,27.9,38.04,-15.43,7.02,36.37,68.74,"IR at camp, tandem, volatile",30.02,,,,,0.49,15.46,2.97,1.38,,,25.0,,76.91,152.0,59.0,123.0,155.62,123,,,g1,model,False
415,178,8476879,Cody Ceci,D,LAK,33.11,16.33,-15.48,6.5,14.27,23.6,age 33+,68.43,2.46,11.03,0.38,0.0,,,,,,,,,,669.0,16.33,,,669,d3,,,model,False
416,200,8484158,Easton Cowan,F,TOR,21.7,36.01,-15.52,15.32,33.67,53.66,volatile,65.88,13.17,20.86,1.89,0.09,,,,,,,,40.0,,359.0,40.0,,,430,f3,pp2,,model,False
417,201,8483890,Braeden Bowman,F,VGK,23.6,36.0,-15.53,14.8,34.01,54.63,volatile,62.05,12.75,20.97,2.2,0.09,,,,,,,,,,401.0,36.0,,,440,f4,pp2,,model,False
418,179,8476422,Mike Reilly,D,CAR,33.56,16.22,-15.59,3.08,14.68,26.22,"age 33+, injury-prone",55.35,2.82,10.18,0.4,0.0,,,,,,,,,,672.0,16.22,,,672,d3,,,model,False
419,202,8477987,Ryan Donato,F,CHI,30.81,35.93,-15.6,18.16,34.29,52.91,volatile,70.42,15.81,17.93,2.07,0.13,,,,,20.0,23.0,,44.0,6.04,298.0,43.5,244.0,231.44,243,f3,pp2,,model,False
420,180,8476979,Erik Gustafsson,D,LAK,34.89,16.13,-15.68,2.02,15.54,33.27,"age 33+, injury-prone, not in DF lineup, new team",42.19,2.44,10.87,0.37,0.0,,,,,,,,,,674.0,16.13,,,674,,,,model,False
421,203,8473994,Jamie Benn,F,DAL,37.54,35.85,-15.69,14.63,33.89,55.31,"age 33+, volatile",60.82,12.52,21.22,2.02,0.09,,,,,16.0,29.0,,47.0,3.64,258.0,46.0,329.0,230.68,326,f3,pp2,,model,False
422,204,8477015,Connor Brown,F,NJD,33.05,35.85,-15.69,14.09,33.29,53.77,"age 33+, volatile",67.41,14.54,19.27,1.92,0.11,,,,,16.0,23.0,,41.0,1.54,348.0,40.0,336.0,230.92,333,f4,,,model,False
423,181,8481563,Drew Helleson,D,ANA,25.85,16.11,-15.7,2.69,14.66,26.87,"injury-prone, IR at camp",52.9,2.43,10.86,0.4,0.0,,,,,,,,,,675.0,16.11,,,675,,,,model,False
424,205,8484999,Ilya Protas,F,WSH,20.54,35.81,-15.72,2.99,37.01,61.46,volatile,47.2,14.43,19.14,2.03,0.21,,,,,,,,44.0,,294.0,44.0,,,402,f3,pp2,,model,False
425,182,8475324,Nick Jensen,D,ANA,36.36,16.06,-15.76,5.65,14.38,24.29,"age 33+, new team",60.32,2.35,10.96,0.39,0.0,,,,,,,,,,676.0,16.06,,,676,d1,,,model,False
426,206,8482737,Zachary Bolduc,F,MTL,23.94,35.77,-15.76,14.97,32.91,52.52,volatile,69.5,15.06,18.55,2.05,0.12,,,,,13.0,17.0,,46.0,2.84,384.0,38.0,346.0,230.47,343,f3,pp2,,model,False
427,207,8481553,Bobby Brink,F,MIN,25.57,35.69,-15.85,15.45,33.62,53.61,volatile,66.38,14.25,18.9,2.42,0.11,,,,,14.0,17.0,,41.0,1.53,404.0,36.0,359.0,230.52,356,f3,pp2,,model,False
428,208,8480009,Eeli Tolvanen,F,NYR,27.78,35.55,-15.98,14.76,32.82,52.88,"new team, volatile",69.53,14.13,19.39,1.93,0.1,,,,,14.0,24.0,,41.0,44.45,366.0,39.5,183.0,218.25,183,f3,pp2,,model,False
429,209,8483489,Fraser Minten,F,BOS,22.58,35.55,-15.98,17.93,33.83,52.65,"injury-prone, volatile",70.75,15.77,17.45,2.2,0.13,,,,,17.0,17.0,,42.0,8.92,385.0,38.0,308.0,229.21,305,f3,pp2,,model,False
430,210,8481068,Yegor Sharangovich,F,CGY,28.66,35.5,-16.03,15.07,33.15,52.65,volatile,69.45,17.0,15.92,2.41,0.16,,,,,22.0,19.0,,,7.42,334.0,41.0,222.0,231.25,222,f3,pp2,,model,False
431,183,8475455,Brenden Dillon,D,NJD,36.22,15.68,-16.13,6.16,13.99,23.17,age 33+,67.12,2.79,9.73,0.37,0.0,,,,,,,,,,684.0,15.68,,,684,d3,,,model,False
432,211,8480849,Barrett Hayton,F,UTA,26.65,35.33,-16.2,14.21,32.98,52.71,volatile,65.77,15.03,17.96,2.21,0.13,,,,,,,,48.0,,242.0,48.0,,,389,f4,pp2,,model,False
433,184,8478468,Jeremy Lauzon,D,VGK,29.76,15.39,-16.43,5.69,13.57,22.69,,65.01,2.78,9.34,0.48,0.0,,,,,,,,,,687.0,15.39,,,687,d3,,,model,False
434,185,8482178,Ian Moore,D,ANA,25.08,15.38,-16.43,2.89,13.84,24.89,IR at camp,55.0,3.5,7.81,0.58,0.0,,,,,,,,,,688.0,15.38,,,688,,,,model,False
435,186,8476467,Jamie Oleksiak,D,VAN,34.11,15.34,-16.48,5.76,13.54,22.55,"age 33+, new team",66.61,3.02,8.88,0.42,0.0,,,,,,,,,,691.0,15.34,,,691,d2,,,model,False
436,212,8482775,Oliver Kapanen,F,MTL,23.51,34.99,-16.54,17.69,33.31,51.77,volatile,70.53,17.56,14.86,2.39,0.17,,,,,19.0,13.0,,46.0,3.9,371.0,39.0,331.0,230.89,328,f2,,,model,False
437,187,8477845,Trevor van Riemsdyk,D,PIT,35.53,15.25,-16.56,5.72,13.41,22.37,"age 33+, new team",62.81,1.98,10.99,0.3,0.0,,,,,,,,,,694.0,15.25,,,694,d2,,,model,False
438,188,8476372,Nick Seeler,D,PHI,33.66,15.23,-16.59,5.82,13.33,22.1,age 33+,67.42,2.88,9.02,0.44,0.0,,,,,,,,,,697.0,15.23,,,697,d3,,,model,False
439,213,8485402,Michael Misa,F,SJS,19.96,34.94,-16.59,8.44,33.47,57.34,volatile,58.87,14.13,18.62,2.06,0.13,,,,,,,,53.0,,194.0,53.0,,,380,f3,pp2,,model,False
440,189,8479442,Troy Stecher,D,TOR,32.82,15.09,-16.73,5.68,13.53,22.31,injury-prone,62.56,2.9,8.86,0.42,0.0,,,,,,,,,,700.0,15.09,,,700,d3,,,model,False
441,190,8480891,Michael Kesselring,D,SJS,27.05,15.08,-16.73,2.48,13.73,24.94,"injury-prone, new team",54.03,2.68,9.32,0.39,0.0,,,,,,,,,,701.0,15.08,,,701,d2,,,model,False
442,214,8481617,Vasily Podkolzin,F,EDM,25.61,34.75,-16.78,17.99,32.9,51.62,volatile,70.59,14.85,17.37,2.42,0.11,,,,,16.0,16.0,,44.0,10.34,383.0,38.0,291.0,228.87,288,f1,pp2,,model,False
443,215,8485414,Ben Kindel,F,PIT,19.79,34.68,-16.85,8.56,33.02,56.77,"IR at camp, volatile",59.75,15.7,16.4,2.42,0.17,,,,,18.0,17.0,,45.0,8.55,361.0,40.0,256.0,229.89,254,,,,model,False
444,216,8484241,Matthew Wood,F,NSH,21.98,34.66,-16.87,14.6,32.62,51.97,"PP1, volatile",66.97,16.32,15.62,2.56,0.15,,,,,,,,44.0,,293.0,44.0,,,401,f2,pp1,,model,False
445,191,8483429,Seamus Casey,D,NJD,23.07,14.93,-16.89,0.0,14.89,34.37,"injury-prone, IR at camp",34.58,2.91,8.72,0.39,0.0,,,,,,,,,,706.0,14.93,,,706,,,,model,False
446,192,8477488,Brett Pesce,D,NJD,32.21,14.91,-16.91,2.76,13.6,24.4,,54.09,2.64,9.29,0.35,0.0,,,,,,,,,,708.0,14.91,,,708,d2,,,model,False
447,193,8480084,Nick DeSimone,D,UTA,32.2,14.88,-16.93,2.48,13.2,24.13,"injury-prone, not in DF lineup",55.05,2.73,9.02,0.4,0.0,,,,,,,,,,710.0,14.88,,,710,,,,model,False
448,194,8483482,Tristan Luneau,D,ANA,23.06,14.85,-16.96,2.03,14.43,30.38,injury-prone,43.49,3.48,7.32,0.58,0.0,,,,,,,,,,711.0,14.85,,,711,d2,,,model,False
449,217,8482713,Mackie Samoskevich,F,SEA,24.21,34.55,-16.98,9.02,32.52,56.11,"IR at camp, new team, volatile",59.44,14.3,17.91,2.21,0.13,,,,,,,,51.0,,213.0,51.0,,,381,f1,,,model,False
450,195,8483569,Wyatt Aamodt,D,COL,29.19,14.81,-17.01,1.86,14.09,29.96,not in DF lineup,43.19,2.92,8.53,0.44,0.0,,,,,,,,,,713.0,14.81,,,713,,,,model,False
451,218,8484471,Emmitt Finnie,F,DET,21.6,34.52,-17.02,17.8,32.51,50.66,volatile,70.75,14.71,17.52,2.18,0.11,,,,,13.0,17.0,,41.0,2.86,409.0,35.5,315.0,231.2,312,f2,pp2,,model,False
452,196,8481059,Scott Perunovich,D,LAK,28.46,14.71,-17.1,1.98,13.55,29.98,"injury-prone, not in DF lineup, new team",43.21,1.67,11.11,0.26,0.0,,,,,,,,,,714.0,14.71,,,714,,,,model,False
453,197,8480834,Ty Emberson,D,EDM,26.69,14.63,-17.18,5.64,13.07,21.43,not in DF lineup,66.23,1.95,10.41,0.32,0.0,,,,,,,,,,716.0,14.63,,,716,,,,model,False
454,219,8481721,Arseny Gritsyuk,F,NJD,25.88,34.25,-17.28,14.24,31.74,51.36,volatile,65.53,13.53,18.83,1.79,0.09,,,,,,,,43.0,,304.0,43.0,,,405,f3,pp2,,model,False
455,220,8482159,Tyson Foerster,F,PHI,25.04,34.22,-17.32,6.88,34.39,55.85,"PP1, volatile",53.92,18.4,12.67,2.83,0.32,,,,,,,,48.0,,243.0,48.0,,,390,f1,pp1,,model,False
456,198,8483678,Elias Pettersson,D,VAN,22.96,14.5,-17.32,5.61,12.7,21.25,,65.56,2.97,8.14,0.41,0.0,,,,,,,,,,717.0,14.5,,,717,d3,,,model,False
457,199,8481607,Albert Johansson,D,DET,26.08,14.48,-17.33,5.5,12.73,20.94,,69.45,2.94,8.16,0.44,0.0,,,,,,,,,,718.0,14.48,,,718,d2,,,model,False
458,221,8481582,Nick Robertson,F,PIT,25.39,34.16,-17.37,14.28,31.6,50.38,"new team, volatile",69.21,16.01,15.55,2.46,0.14,,,,,,,,40.0,,358.0,40.0,,,429,f1,,,model,False
459,200,8481609,Vladislav Kolyachonok,D,NJD,25.69,14.39,-17.42,1.24,13.15,24.37,"injury-prone, not in DF lineup, new team",47.23,2.77,8.48,0.37,0.0,,,,,,,,,,720.0,14.39,,,720,,,,model,False
460,222,8482088,Justin Sourdif,F,WSH,24.86,33.98,-17.55,14.04,31.37,50.84,"injury-prone, volatile",69.41,13.87,18.07,1.95,0.09,,,,,14.0,18.0,,,1.29,424.0,32.0,364.0,230.79,361,f4,,,model,False
461,223,8481024,Linus Karlsson,F,VAN,27.21,33.91,-17.63,13.87,31.04,50.25,"injury-prone, volatile",69.55,14.24,17.59,1.98,0.1,,,,,14.0,18.0,,42.0,1.05,394.0,37.0,369.0,230.73,366,f3,pp2,,model,False
462,39,8479193,Casey DeSmith,G,DAL,35.47,35.81,-17.66,6.61,34.24,64.56,"age 33+, backup, volatile",25.83,,,,,0.32,13.16,3.99,1.84,,,,,,408.0,35.81,,,443,,,g2,model,False
463,201,8481056,Spencer Stastney,D,EDM,27.08,14.15,-17.67,5.21,12.6,21.12,"injury-prone, not in DF lineup",64.22,2.49,8.75,0.41,0.0,,,,,,,,,,723.0,14.15,,,723,,,,model,False
464,224,8476461,Sean Couturier,F,PHI,34.15,33.74,-17.79,13.97,31.51,50.82,"age 33+, volatile",67.72,11.19,20.78,1.72,0.05,,,,,12.0,26.0,,40.0,2.07,369.0,39.0,316.0,231.17,313,f4,,,model,False
465,202,8484428,Charles Alexis Legault,D,CAR,23.41,14.01,-17.81,0.46,12.86,24.13,not in DF lineup,46.83,3.28,6.98,0.47,0.0,,,,,,,,,,727.0,14.01,,,727,,,,model,False
466,203,8483472,Maveric Lamoureux,D,UTA,23.05,13.86,-17.95,2.11,12.8,27.93,"injury-prone, not in DF lineup",44.61,2.47,8.56,0.36,0.0,,,,,,,,,,732.0,13.86,,,732,,,,model,False
467,204,8477365,Connor Clifton,D,BOS,31.76,13.77,-18.04,2.98,12.22,22.15,new team,58.3,2.33,8.79,0.32,0.0,,,,,,,,,,734.0,13.77,,,734,d2,,,model,False
468,225,8483512,Matt Savoie,F,EDM,23.09,33.43,-18.1,13.39,31.23,50.8,"injury-prone, IR at camp, volatile",61.03,14.73,16.16,2.41,0.14,,,,,19.0,20.0,,49.0,5.49,291.0,44.0,283.0,231.22,280,,,,model,False
469,40,8483710,Dennis Hildeby,G,TBL,25.45,35.3,-18.17,6.51,33.75,63.65,"backup, new team, volatile",21.24,,,,,0.26,13.95,3.4,1.33,,,,,,410.0,35.3,,,444,,,g2,model,False
470,226,8482476,Emil Heineman,F,NYI,25.21,33.35,-18.18,17.15,31.9,48.79,"injury-prone, volatile",70.31,19.1,11.3,2.74,0.22,,,,,20.0,8.0,,44.0,7.28,405.0,36.0,261.0,230.48,259,f3,pp2,,model,False
471,227,8475151,Kyle Palmieri,F,NYI,36.0,33.27,-18.27,5.02,33.67,56.04,"age 33+, PP1, volatile",50.52,14.8,16.14,2.12,0.2,,,,,22.0,19.0,,46.0,8.84,297.0,43.5,221.0,231.1,221,f1,pp1,,model,False
472,228,8482074,Connor Zary,F,CGY,25.35,33.25,-18.28,13.79,30.69,49.8,"injury-prone, volatile",68.01,14.31,16.8,2.03,0.1,,,,,,,,,,422.0,33.25,,,447,f3,pp2,,model,False
473,205,8475462,Radko Gudas,D,FLA,36.66,13.43,-18.38,2.87,11.98,21.71,"age 33+, new team",58.25,2.07,8.98,0.3,0.0,,,,,,,,,,744.0,13.43,,,744,d3,,,model,False
474,229,8480459,Pius Suter,F,STL,30.69,33.15,-18.38,13.57,31.02,50.25,volatile,64.5,14.78,16.16,2.09,0.13,,,,,15.0,19.0,,40.0,0.83,393.0,37.0,353.0,230.83,350,f4,,,model,False
475,206,8475755,Alexander Petrovic,D,FLA,34.92,13.38,-18.43,2.72,11.92,21.24,"age 33+, injury-prone, not in DF lineup, new team",58.28,2.37,8.3,0.35,0.0,,,,,,,,,,746.0,13.38,,,746,,,,model,False
476,230,8481624,Ilya Mikheyev,F,TBL,32.31,33.09,-18.45,13.98,30.3,48.64,"new team, volatile",68.08,14.9,15.76,2.3,0.12,,,,,17.0,17.0,,,1.69,419.0,34.0,342.0,230.9,339,f1,,,model,False
477,207,8480157,Calle Rosen,D,STL,33.0,13.36,-18.46,1.53,12.82,27.61,not in DF lineup,41.8,1.99,9.1,0.28,0.0,,,,,,,,,,747.0,13.36,,,747,,,,model,False
478,231,8482201,Gage Goncalves,F,TBL,26.04,33.03,-18.5,13.9,30.8,49.64,"injury-prone, volatile",67.83,11.16,20.1,1.72,0.05,,,,,,,,43.0,,305.0,43.0,,,406,f4,pp2,,model,False
479,208,8484220,David Reinbacher,D,MTL,22.27,13.24,-18.58,1.84,12.91,27.57,not in DF lineup,43.57,2.06,8.84,0.28,0.0,,,,,,,,,,752.0,13.24,,,752,,,,model,False
480,209,8478443,Brandon Carlo,D,STL,30.18,13.19,-18.62,4.7,11.69,19.68,new team,60.47,2.12,8.65,0.3,0.0,,,,,,,,,,753.0,13.19,,,753,d3,,,model,False
481,210,8484859,Stian Solberg,D,ANA,21.09,13.17,-18.64,1.14,10.82,25.11,rookie/import,50.0,3.48,5.72,0.5,0.0,,,,,,,,,,754.0,13.17,,,754,d3,,,rookie,False
482,211,8482131,Donovan Sebrango,D,FLA,25.05,13.16,-18.65,2.75,12.01,21.19,"injury-prone, not in DF lineup",56.36,1.02,10.97,0.15,0.0,,,,,,,,,,755.0,13.16,,,755,,,,model,False
483,232,8474150,Mikael Backlund,F,CGY,37.88,32.87,-18.66,13.66,30.51,49.2,"age 33+, volatile",67.37,12.97,17.98,1.84,0.08,,,,,16.0,25.0,,41.0,4.9,330.0,41.0,243.0,231.73,242,f2,,,model,False
484,212,8482169,Helge Grans,D,PHI,24.73,13.15,-18.67,1.58,12.49,26.71,not in DF lineup,42.91,2.2,8.42,0.34,0.0,,,,,,,,,,756.0,13.15,,,756,,,,model,False
485,213,8484933,Mikulas Hovorka,D,FLA,25.59,13.11,-18.7,1.9,12.52,26.26,not in DF lineup,44.17,2.04,8.75,0.3,0.0,,,,,,,,,,757.0,13.11,,,757,,,,model,False
486,214,8480001,Urho Vaakanainen,D,NYR,28.08,13.09,-18.72,2.05,11.88,21.74,"injury-prone, not in DF lineup",53.76,1.39,10.13,0.19,0.0,,,,,,,,,,758.0,13.09,,,758,,,,model,False
487,233,8483525,Danila Yurov,F,MIN,23.11,32.74,-18.79,13.47,30.38,48.47,volatile,67.32,13.44,16.93,2.28,0.09,,,,,,,,45.0,,280.0,45.0,,,398,f2,pp2,,model,False
488,234,8478462,Nicolas Roy,F,COL,29.99,32.73,-18.8,13.67,30.25,48.74,"PP1, volatile",67.8,11.88,18.99,1.8,0.06,,,,,,,,42.0,,314.0,42.0,,,410,f3,pp1,,model,False
489,215,8479372,Josh Mahura,D,SEA,28.74,13.0,-18.82,1.47,11.89,22.03,"injury-prone, not in DF lineup",50.21,1.82,9.08,0.28,0.0,,,,,,,,,,760.0,13.0,,,760,,,,model,False
490,216,8481030,Jack St. Ivany,D,WPG,27.53,12.97,-18.84,1.3,11.93,21.85,"injury-prone, not in DF lineup, new team",49.26,1.0,10.82,0.16,0.0,,,,,,,,,,762.0,12.97,,,762,,,,model,False
491,235,8476456,Jonathan Huberdeau,F,CGY,33.66,32.66,-18.88,3.75,33.47,55.85,"age 33+, IR at camp, volatile",49.75,11.82,19.05,1.68,0.11,,,,,17.0,27.0,,48.0,5.36,260.0,46.0,259.0,231.81,257,,,,model,False
492,217,8476429,Scott Mayfield,D,NYI,34.3,12.92,-18.89,5.04,11.39,18.93,age 33+,66.91,1.97,8.7,0.28,0.0,,,,,,,,,,763.0,12.92,,,763,d3,,,model,False
493,218,8480192,Johnathan Kovacevic,D,NJD,29.56,12.74,-19.07,1.73,11.51,25.69,"injury-prone, IR at camp",44.12,1.92,8.65,0.25,0.0,,,,,,,,,,765.0,12.74,,,765,,,,model,False
494,219,8482873,Topias Vilen,D,NJD,23.84,12.73,-19.08,1.67,12.79,26.16,not in DF lineup,43.47,2.32,7.79,0.31,0.0,,,,,,,,,,766.0,12.73,,,766,,,,model,False
495,220,8480990,Declan Chisholm,D,NJD,27.06,12.68,-19.14,1.81,11.54,21.07,"injury-prone, new team",51.12,1.84,8.74,0.24,0.0,,,,,,,,,,769.0,12.68,,,769,d3,,,model,False
496,236,8475768,Jaden Schwartz,F,COL,34.6,32.36,-19.17,7.4,31.02,53.06,"age 33+, injury-prone, new team, volatile",58.31,14.02,16.09,2.13,0.13,,,,,,,,50.0,,218.0,50.0,,,383,f3,pp2,,model,False
497,237,8477444,Andre Burakovsky,F,OTT,31.98,32.33,-19.21,13.28,30.08,48.96,"new team, volatile",67.39,10.75,19.9,1.64,0.05,,,,,,,,40.0,,350.0,40.0,,,423,f2,pp2,,model,False
498,221,8482700,Nolan Allan,D,SJS,23.76,12.58,-19.23,1.55,11.83,25.43,"not in DF lineup, new team",42.82,1.9,8.5,0.28,0.0,,,,,,,,,,771.0,12.58,,,771,,,,model,False
499,238,8478109,Victor Olofsson,F,VGK,31.54,32.27,-19.27,13.35,29.89,48.02,"injury-prone, new team, volatile",68.37,13.42,16.45,2.31,0.08,,,,,,,,40.0,,352.0,40.0,,,425,f3,pp2,,model,False
500,222,8478465,Guillaume Brisebois,D,VAN,29.53,12.53,-19.28,1.6,12.12,25.77,not in DF lineup,42.8,2.28,7.66,0.32,0.0,,,,,,,,,,772.0,12.53,,,772,,,,model,False
501,239,8479525,Ross Colton,F,NSH,30.39,32.2,-19.33,13.4,30.0,48.35,"new team, volatile",67.17,13.86,16.07,2.18,0.1,,,,,,,,43.0,,302.0,43.0,,,404,f4,pp2,,model,False
502,240,8483464,Marco Kasper,F,DET,22.82,32.17,-19.37,13.75,29.75,47.7,volatile,69.74,14.91,14.93,2.22,0.11,,,,,,,,45.0,,279.0,45.0,,,397,f2,pp2,,model,False
503,241,8475287,Erik Haula,F,LAK,35.86,32.08,-19.46,13.46,30.03,48.58,"age 33+, new team, volatile",67.66,12.72,17.34,1.94,0.07,,,,,15.0,24.0,,43.0,3.46,331.0,41.0,269.0,231.77,266,f2,pp2,,model,False
504,223,8478476,Kyle Capobianco,D,DAL,29.47,12.34,-19.48,2.01,11.11,20.23,"injury-prone, not in DF lineup",53.3,2.57,6.77,0.42,0.0,,,,,,,,,,775.0,12.34,,,775,,,,model,False
505,224,8475790,Erik Gudbranson,D,CBJ,35.07,12.33,-19.48,1.93,11.56,20.82,"age 33+, injury-prone",52.59,2.06,7.91,0.3,0.0,,,,,,,,,,776.0,12.33,,,776,d3,,,model,False
506,242,8480185,Eetu Luostarinen,F,FLA,28.42,32.05,-19.48,13.12,29.98,48.11,volatile,67.42,11.78,18.5,1.72,0.06,,,,,10.0,22.0,,48.0,1.77,355.0,40.0,332.0,231.19,329,f3,,,model,False
507,243,8479353,Brett Howden,F,VGK,28.85,31.98,-19.55,12.76,29.96,48.34,volatile,62.37,14.53,14.82,2.5,0.12,,,,,,,,50.0,,219.0,50.0,,,384,f2,,,model,False
508,225,8483768,Victor Mancini,D,VAN,24.69,12.15,-19.66,1.3,10.89,20.18,"injury-prone, not in DF lineup",50.4,1.59,8.74,0.22,0.0,,,,,,,,,,780.0,12.15,,,780,,,,model,False
509,244,8480188,Fabian Zetterlund,F,OTT,27.44,31.85,-19.68,14.61,28.6,45.88,volatile,70.22,14.8,14.69,2.25,0.11,,,,,18.0,17.0,,45.0,7.46,356.0,40.0,229.0,231.36,229,f1,,,model,False
510,245,8481618,Alex Newhook,F,MTL,26.01,31.84,-19.69,7.14,30.06,52.17,"injury-prone, volatile",57.57,14.51,15.22,1.98,0.14,,,,,,,,49.0,,230.0,49.0,,,386,f3,pp2,,model,False
511,226,8481167,Brayden Pachal,D,CGY,27.44,12.06,-19.75,2.04,11.15,19.8,"injury-prone, not in DF lineup",55.21,2.08,7.62,0.29,0.0,,,,,,,,,,782.0,12.06,,,782,,,,model,False
512,246,8478542,Evan Rodrigues,F,NJD,33.51,31.76,-19.78,12.89,29.71,47.57,"age 33+, new team, volatile",64.9,11.64,18.51,1.54,0.06,,,,,10.0,22.0,,40.0,2.03,402.0,36.0,300.0,231.5,297,f3,pp2,,model,False
513,227,8477938,Haydn Fleury,D,WPG,30.57,11.94,-19.87,2.05,10.67,19.48,"injury-prone, not in DF lineup",54.63,2.37,6.83,0.38,0.0,,,,,,,,,,786.0,11.94,,,786,,,,model,False
514,228,8484305,Zach Metsa,D,BUF,28.29,11.83,-19.98,2.36,10.66,19.05,,56.46,2.42,6.62,0.37,0.0,,,,,,,,,,789.0,11.83,,,789,d3,,,model,False
515,247,8481522,Peyton Krebs,F,BUF,26.02,31.42,-20.12,15.12,28.4,44.98,volatile,70.35,9.83,20.02,1.52,0.03,,,,,11.0,24.0,,40.0,2.31,387.0,37.5,354.0,231.05,351,f1,,,model,False
516,229,8484321,Nikolas Matinpalo,D,OTT,28.33,11.69,-20.12,2.49,10.29,18.8,"injury-prone, not in DF lineup",58.71,2.28,6.79,0.35,0.0,,,,,,,,,,792.0,11.69,,,792,,,,model,False
517,230,8482094,Daemon Hunt,D,MIN,24.72,11.65,-20.16,1.55,10.45,19.1,"injury-prone, not in DF lineup",52.91,1.06,9.34,0.18,0.0,,,,,,,,,,794.0,11.65,,,794,,,,model,False
518,248,8479351,Sam Steel,F,DAL,28.99,31.33,-20.2,13.0,29.35,47.43,volatile,67.43,10.56,19.02,1.7,0.04,,,,,11.0,22.0,,40.0,0.91,398.0,36.5,376.0,230.62,371,f3,,,model,False
519,249,8485388,Victor Eklund,F,NYI,20.33,31.33,-20.2,3.19,32.73,54.77,volatile,45.32,11.46,18.1,1.65,0.12,,,,,,,,51.0,,214.0,51.0,,,382,f3,,,model,False
520,250,8483450,Ryan Greene,F,CHI,23.28,31.32,-20.21,14.9,28.43,45.19,volatile,70.06,12.86,16.7,1.69,0.07,,,,,,,,,,426.0,31.32,,,449,f4,,,model,False
521,251,8484829,Justin Hryckowian,F,DAL,25.94,31.11,-20.42,11.73,27.31,44.83,volatile,69.7,13.0,15.94,2.1,0.07,,,,,,,,42.0,,320.0,42.0,,,414,f1,pp2,,model,False
522,252,8484803,Trevor Connelly,F,VGK,20.93,31.09,-20.44,10.18,27.3,54.31,"rookie/import, volatile",65.0,9.43,20.12,1.51,0.03,,,,,,,,,,429.0,31.09,,,451,f3,,,rookie,False
523,231,8483448,Isaiah George,D,NYI,22.96,11.35,-20.47,1.6,10.43,22.95,"injury-prone, not in DF lineup",43.87,1.76,7.57,0.25,0.0,,,,,,,,,,798.0,11.35,,,798,,,,model,False
524,232,8479985,Cale Fleury,D,SEA,28.2,11.32,-20.49,1.1,10.42,18.89,injury-prone,49.93,2.25,6.47,0.35,0.0,,,,,,,,,,799.0,11.32,,,799,d3,,,model,False
525,253,8476419,Jean-Gabriel Pageau,F,NYI,34.22,30.99,-20.54,11.87,28.29,46.86,"age 33+, volatile",66.12,12.36,16.78,1.77,0.07,,,,,16.0,19.0,,,2.0,413.0,35.0,325.0,231.2,322,f3,,,model,False
526,254,8478020,Michael Amadio,F,OTT,30.72,30.97,-20.57,12.23,27.13,44.78,volatile,69.8,12.49,16.51,1.9,0.07,,,,,13.0,18.0,,,0.8,430.0,31.0,355.0,231.02,352,f3,,,model,False
527,233,8482168,Maxim Groshev,D,TBL,25.13,11.19,-20.62,1.39,10.32,22.48,not in DF lineup,43.2,1.73,7.46,0.27,0.0,,,,,,,,,,801.0,11.19,,,801,,,,model,False
528,234,8482731,Tyson Hinds,D,ANA,23.89,11.12,-20.69,1.77,10.91,22.71,,44.45,2.01,6.76,0.33,0.0,,,,,,,,,,803.0,11.12,,,803,d3,,,model,False
529,235,8481572,Ville Heinola,D,VGK,25.92,11.01,-20.81,1.65,10.52,22.43,"injury-prone, not in DF lineup, new team",44.12,1.81,7.08,0.31,0.0,,,,,,,,,,806.0,11.01,,,806,,,,model,False
530,236,8478454,Noah Juulsen,D,COL,29.83,10.95,-20.86,2.44,9.71,17.59,"injury-prone, not in DF lineup, new team",59.28,1.47,7.78,0.22,0.0,,,,,,,,,,807.0,10.95,,,807,,,,model,False
531,255,8473986,Alex Killorn,F,ANA,37.38,30.66,-20.87,11.77,26.85,44.58,"age 33+, volatile",67.28,13.4,14.94,2.23,0.09,,,,,15.0,18.0,,41.0,1.64,391.0,37.0,314.0,231.27,311,f1,pp2,,model,False
532,41,8475831,Philipp Grubauer,G,SEA,35.19,32.59,-20.88,6.01,31.82,58.89,"age 33+, backup, volatile",27.06,,,,,0.33,12.79,3.68,1.11,,,12.0,,4.22,427.0,31.21,266.0,230.94,264,,,g2,model,False
533,237,8479976,Juuso Välimäki,D,CAR,28.32,10.92,-20.89,1.35,10.26,22.27,"not in DF lineup, new team",42.51,2.05,6.53,0.29,0.0,,,,,,,,,,808.0,10.92,,,808,,,,model,False
534,238,8480058,Pierre-Olivier Joseph,D,CAR,27.59,10.86,-20.95,1.71,9.84,17.9,"injury-prone, not in DF lineup, new team",52.46,1.64,7.35,0.24,0.0,,,,,,,,,,810.0,10.86,,,810,,,,model,False
535,239,8480950,Ilya Lyubushkin,D,NSH,32.82,10.82,-20.99,2.48,9.64,17.15,new team,58.46,1.32,7.97,0.21,0.0,,,,,,,,,,813.0,10.82,,,813,d3,,,model,False
536,240,8483460,David Jiricek,D,PHI,23.18,10.66,-21.16,1.23,9.6,17.65,injury-prone,50.8,1.75,6.89,0.27,0.0,,,,,,,,,,818.0,10.66,,,818,d3,pp2,,model,False
537,241,8482807,Ethan Del Mastro,D,CHI,24.05,10.64,-21.18,0.8,9.53,17.83,"injury-prone, not in DF lineup",48.55,1.97,6.44,0.26,0.0,,,,,,,,,,819.0,10.64,,,819,,,,model,False
538,242,8474567,Zach Bogosian,D,MIN,36.55,10.61,-21.2,1.82,9.56,17.53,"age 33+, injury-prone",53.03,1.99,6.3,0.34,0.0,,,,,,,,,,820.0,10.61,,,820,d3,,,model,False
539,243,8483466,Kevin Korchinski,D,CHI,22.61,10.6,-21.21,0.34,9.61,18.02,"injury-prone, not in DF lineup",46.6,2.48,5.33,0.32,0.0,,,,,,,,,,821.0,10.6,,,821,,,,model,False
540,244,8479576,Vincent Desharnais,D,WSH,30.68,10.6,-21.22,2.4,9.54,16.98,"injury-prone, new team",59.29,1.37,7.67,0.19,0.0,,,,,,,,,,822.0,10.6,,,822,d3,,,model,False
541,256,8473533,Jordan Staal,F,CAR,38.39,30.27,-21.26,12.59,28.43,45.14,"age 33+, volatile",64.68,13.51,14.73,1.94,0.1,,,,,18.0,17.0,,,7.27,412.0,35.0,312.0,229.14,309,f3,,,model,False
542,245,8481122,Simon Benoit,D,PHI,28.37,10.48,-21.34,4.21,9.33,15.31,"not in DF lineup, new team",66.06,1.72,6.76,0.27,0.0,,,,,,,,,,823.0,10.48,,,823,,,,model,False
543,246,8480075,Cameron Crotty,D,OTT,27.75,10.47,-21.34,1.58,9.91,21.05,"injury-prone, not in DF lineup",44.35,1.62,6.98,0.25,0.0,,,,,,,,,,824.0,10.47,,,824,,,,model,False
544,247,8482861,Vincent Iorio,D,NYR,24.22,10.45,-21.37,1.24,9.37,17.37,"injury-prone, not in DF lineup",51.11,1.27,7.74,0.17,0.0,,,,,,,,,,827.0,10.45,,,827,,,,model,False
545,248,8482072,Jack Ahcan,D,NSH,29.71,10.44,-21.37,0.3,9.59,17.89,"injury-prone, not in DF lineup, new team",45.95,1.42,7.37,0.22,0.0,,,,,,,,,,828.0,10.44,,,828,,,,model,False
546,249,8481461,Corey Schueneman,D,ANA,31.42,10.35,-21.46,1.09,9.84,21.56,"not in DF lineup, new team",41.85,1.87,6.29,0.31,0.0,,,,,,,,,,832.0,10.35,,,832,,,,model,False
547,257,8483500,Noah Ostlund,F,BUF,22.89,30.03,-21.51,12.26,28.03,45.71,"injury-prone, volatile",63.26,10.95,17.33,1.7,0.06,,,,,,,,,,434.0,30.03,,,454,f3,pp2,,model,False
548,250,8479639,Dylan Coghlan,D,VGK,28.95,10.24,-21.57,1.36,9.96,20.92,"injury-prone, not in DF lineup",43.34,1.84,6.25,0.32,0.0,,,,,,,,,,835.0,10.24,,,835,,,,model,False
549,251,8475179,Dmitry Kulikov,D,FLA,36.26,10.21,-21.61,0.21,9.32,17.55,age 33+,46.0,1.65,6.66,0.24,0.0,,,,,,,,,,836.0,10.21,,,836,d3,,,model,False
550,252,8477810,Joel Hanley,D,CGY,35.65,10.12,-21.69,3.77,9.04,14.9,"age 33+, injury-prone, not in DF lineup",62.12,1.51,6.9,0.21,0.0,,,,,,,,,,837.0,10.12,,,837,,,,model,False
551,258,8478133,Jake Evans,F,MTL,30.67,29.81,-21.72,12.23,27.82,44.83,volatile,65.18,11.55,16.62,1.57,0.06,,,,,,,,45.0,,275.0,45.0,,,396,f4,,,model,False
552,253,8483398,Declan Carlile,D,PIT,26.71,10.08,-21.73,1.88,8.93,16.35,"injury-prone, new team",55.89,2.37,4.97,0.37,0.0,,,,,,,,,,839.0,10.08,,,839,d1,,,model,False
553,254,8475690,Chris Tanev,D,TOR,37.12,10.02,-21.8,1.29,9.16,20.44,age 33+,43.09,1.15,7.56,0.16,0.0,,,,,,,,,,841.0,10.02,,,841,d2,,,model,False
554,259,8477456,J.T. Compher,F,DET,31.82,29.7,-21.84,11.69,25.74,43.27,volatile,69.49,10.91,17.12,1.62,0.05,,,,,,,,,,439.0,29.7,,,455,f4,,,model,False
555,255,8483686,Adam Engstrom,D,MTL,23.21,9.92,-21.89,0.6,9.14,17.04,not in DF lineup,47.15,1.54,6.62,0.21,0.0,,,,,,,,,,842.0,9.92,,,842,,,,model,False
556,256,8480879,Jacob Bernard-Docker,D,DET,26.59,9.83,-21.98,1.44,8.84,16.21,"injury-prone, IR at camp",52.94,1.81,5.94,0.27,0.0,,,,,,,,,,844.0,9.83,,,844,,,,model,False
557,260,8483808,Andrei Kuzmenko,F,PIT,30.99,29.55,-21.98,3.63,28.41,49.69,"IR at camp, new team, volatile",50.94,11.97,15.64,1.84,0.11,,,,,,,,44.0,,292.0,44.0,,,400,,,,model,False
558,261,8479619,Michael Carcone,F,UTA,30.7,29.41,-22.13,11.26,26.0,42.69,volatile,68.92,14.07,13.17,2.07,0.1,,,,,15.0,14.0,,,0.98,445.0,29.0,344.0,230.93,341,f4,,,model,False
559,257,8484262,Travis Mitchell,D,ANA,27.19,9.6,-22.21,0.03,8.82,16.57,"not in DF lineup, new team",45.14,2.28,4.67,0.38,0.0,,,,,,,,,,846.0,9.6,,,846,,,,model,False
560,262,8482055,Drew O'Connor,F,VAN,28.65,29.22,-22.31,13.84,26.34,42.76,volatile,70.18,14.48,12.62,2.01,0.1,,,,,17.0,13.0,,,1.54,437.0,30.0,317.0,231.15,314,f3,,,model,False
561,258,8483709,Abram Wiebe,D,CGY,23.43,9.46,-22.35,1.28,8.91,19.4,not in DF lineup,43.53,1.72,5.78,0.24,0.0,,,,,,,,,,848.0,9.46,,,848,,,,model,False
562,42,8482445,Devin Cooley,G,CGY,29.69,31.12,-22.35,5.72,29.75,56.23,"backup, volatile",27.31,,,,,0.33,11.53,4.19,1.29,,,,,,428.0,31.12,,,450,,,g2,model,False
563,259,8482964,Arber Xhekaj,D,MTL,26.0,9.3,-22.52,3.33,8.26,13.77,injury-prone,63.3,1.85,5.34,0.25,0.0,,,,,,,,,,849.0,9.3,,,849,d3,,,model,False
564,260,8482516,Matthew Kessel,D,NYI,26.61,9.26,-22.56,1.24,8.57,15.56,"injury-prone, not in DF lineup, new team",51.56,1.9,5.18,0.27,0.0,,,,,,,,,,850.0,9.26,,,850,,,,model,False
565,263,8480835,Jack Drury,F,NSH,27.0,28.97,-22.57,10.79,25.63,41.85,"new team, volatile",69.83,10.77,16.46,1.69,0.04,,,,,,,,40.0,,357.0,40.0,,,428,f4,,,model,False
566,264,8477503,Max Domi,F,TOR,31.92,28.95,-22.58,7.56,27.46,47.2,"IR at camp, off roster: unsigned or long-term injured, check, volatile",59.38,8.46,19.25,1.22,0.03,,,,,10.0,18.0,,,1.16,454.0,28.0,377.0,230.53,372,,,,model,True
567,261,8481567,Henry Thrun,D,WPG,25.89,9.19,-22.62,1.25,8.52,18.48,"injury-prone, not in DF lineup, new team",43.49,1.34,6.29,0.21,0.0,,,,,,,,,,852.0,9.19,,,852,,,,model,False
568,43,8476412,Jordan Binnington,G,STL,33.56,30.79,-22.68,5.68,31.1,55.64,"age 33+, tandem, volatile",28.86,,,,,0.35,11.7,4.07,1.11,,,16.0,,7.74,363.0,40.0,297.0,228.98,294,,,g2,model,False
569,44,8481035,Samuel Ersson,G,OTT,27.29,30.78,-22.69,5.66,29.07,54.17,"backup, new team, volatile",24.52,,,,,0.3,11.87,3.56,1.16,,,15.0,,0.81,365.0,39.55,374.0,230.58,369,,,g2,model,False
570,265,8482177,Marat Khusnutdinov,F,BOS,24.54,28.83,-22.7,11.03,25.44,42.09,volatile,68.51,11.67,15.48,1.63,0.06,,,,,,,,,,448.0,28.83,,,459,f3,,,model,False
571,262,8483766,David Spacek,D,MIN,23.95,9.03,-22.78,1.05,8.46,18.38,not in DF lineup,42.81,1.63,5.49,0.28,0.0,,,,,,,,,,854.0,9.03,,,854,,,,model,False
572,266,8484197,Oliver Moore,F,CHI,22.03,28.65,-22.88,11.04,26.94,44.02,"injury-prone, volatile",60.33,8.93,18.52,1.17,0.03,,,,,,,,,,450.0,28.65,,,461,f3,pp2,,model,False
573,267,8480068,Ryan Poehling,F,ANA,28.08,28.59,-22.95,7.27,26.72,46.56,"IR at camp, volatile",58.39,9.27,17.74,1.54,0.04,,,,,11.0,24.0,,,1.75,414.0,35.0,311.0,231.39,308,f3,pp2,,model,False
574,263,8482781,Carson Lambos,D,MIN,24.05,8.86,-22.95,1.07,8.48,18.28,not in DF lineup,42.45,1.6,5.39,0.27,0.0,,,,,,,,,,857.0,8.86,,,857,,,,model,False
575,268,8476448,William Karlsson,F,VGK,34.06,28.51,-23.02,1.98,29.96,49.96,"age 33+, injury-prone, volatile",46.9,11.84,14.51,2.04,0.12,,,,,13.0,17.0,,52.0,4.18,332.0,41.0,306.0,231.02,303,f2,pp2,,model,False
576,269,8478463,Anthony Beauvillier,F,WSH,29.65,28.34,-23.2,13.76,25.9,41.41,volatile,70.01,13.61,12.73,1.91,0.09,,,,,,,,,,451.0,28.34,,,462,f4,,,model,False
577,45,8479292,Charlie Lindgren,G,WSH,33.12,30.22,-23.25,5.56,29.5,54.48,"age 33+, backup, volatile",22.39,,,,,0.27,12.15,3.04,0.96,,,,,,432.0,30.22,,,452,,,g2,model,False
578,270,8476458,Ryan Strome,F,CGY,33.56,28.23,-23.3,6.58,27.13,46.35,"age 33+, volatile",58.92,9.07,17.84,1.29,0.04,,,,,,,,45.0,,273.0,45.0,,,395,f3,pp2,,model,False
579,271,8485702,Maxim Shabanov,F,MIN,26.32,28.21,-23.33,6.86,26.51,46.04,"PP1, new team, volatile",57.92,9.0,17.64,1.53,0.04,,,,,,,,40.0,,362.0,40.0,,,432,f2,pp1,,model,False
580,46,8481020,Justus Annunen,G,NSH,26.89,30.04,-23.43,5.52,28.72,54.16,"backup, volatile",26.81,,,,,0.33,11.85,2.97,1.13,,,,,,433.0,30.04,,,453,,,g2,model,False
581,272,8484164,Dalibor Dvorsky,F,STL,21.63,28.0,-23.53,11.06,24.94,41.24,volatile,66.13,13.41,12.6,1.9,0.09,,,,,,,,42.0,,318.0,42.0,,,412,f3,pp2,,model,False
582,273,8479638,Justin Brazeau,F,PIT,29.0,27.98,-23.55,5.02,26.69,46.41,"injury-prone, IR at camp, volatile",54.51,12.85,13.04,1.98,0.11,,,,,16.0,15.0,,42.0,1.19,399.0,36.5,351.0,230.86,348,,,,model,False
583,264,8484386,Dmitri Simashev,D,UTA,21.99,8.24,-23.57,0.99,7.38,13.69,,51.09,1.28,5.49,0.19,0.0,,,,,,,,,,860.0,8.24,,,860,d3,,,model,False
584,47,8480193,Daniil Tarasov,G,DET,27.85,29.84,-23.64,5.49,28.53,53.91,"backup, new team, volatile",27.8,,,,,0.34,11.52,3.02,1.26,,,12.0,,1.25,431.0,30.93,328.0,230.95,325,,,g2,model,False
585,265,8474568,Luke Schenn,D,VAN,37.25,8.12,-23.69,1.39,7.35,13.33,"age 33+, injury-prone, new team",55.33,1.35,5.25,0.19,0.0,,,,,,,,,,861.0,8.12,,,861,d3,,,model,False
586,266,8481161,Jake Christiansen,D,CBJ,27.39,8.09,-23.72,1.55,7.29,13.07,injury-prone,54.97,1.3,5.31,0.19,0.0,,,,,,,,,,863.0,8.09,,,863,d3,,,model,False
587,48,8481611,Pyotr Kochetkov,G,CAR,27.61,29.69,-23.79,0.0,34.01,77.93,"backup, volatile",19.68,,,,,0.24,11.45,2.22,1.52,,,,,,440.0,29.69,,,456,,,g2,model,False
588,267,8480828,Michael Callahan,D,TBL,27.36,7.94,-23.88,1.1,7.6,15.94,"injury-prone, not in DF lineup, new team",43.57,1.66,4.36,0.26,0.0,,,,,,,,,,865.0,7.94,,,865,,,,model,False
589,274,8484185,Nick Lardis,F,CHI,21.57,27.63,-23.91,6.05,26.3,46.02,volatile,56.76,14.28,11.34,1.87,0.14,,,,,,,,42.0,,319.0,42.0,,,413,f2,pp2,,model,False
590,275,8484800,Berkly Catton,F,SEA,21.05,27.48,-24.05,10.33,24.75,40.97,volatile,64.57,11.41,14.25,1.77,0.06,,,,,,,,40.0,,360.0,40.0,,,431,f3,pp2,,model,False
591,276,8480448,Parker Kelly,F,COL,27.72,27.43,-24.11,10.64,24.09,39.32,volatile,69.72,13.1,12.26,1.99,0.08,,,,,18.0,15.0,,40.0,5.44,400.0,36.5,296.0,230.9,293,f4,,,model,False
592,268,8480831,Alec Regula,D,EDM,26.49,7.56,-24.26,0.79,7.52,15.74,IR at camp,41.59,0.91,5.59,0.15,0.0,,,,,,,,,,867.0,7.56,,,867,,,,model,False
593,277,8479671,Mathieu Olivier,F,CBJ,29.97,27.27,-24.26,9.58,24.04,40.19,"injury-prone, volatile",63.15,13.73,11.46,1.97,0.1,,,,,16.0,11.0,,,3.63,457.0,27.0,347.0,230.05,344,f3,,,model,False
594,49,8477968,Alex Nedeljkovic,G,SJS,31.07,29.14,-24.34,5.38,27.86,52.52,"backup, volatile",23.43,,,,,0.29,11.75,2.89,0.92,,,17.0,,4.4,300.0,43.11,281.0,230.69,278,,,g2,model,False
595,278,8483690,Noah Laba,F,NYR,23.5,26.94,-24.6,11.0,23.7,39.13,volatile,67.37,10.28,15.21,1.4,0.04,,,,,,,,,,458.0,26.94,,,465,f3,,,model,False
596,50,8476914,Joonas Korpisalo,G,NYR,32.76,28.8,-24.67,5.31,28.11,52.04,"backup, new team, volatile",25.67,,,,,0.31,11.27,3.39,0.96,,,16.0,,2.52,395.0,37.0,286.0,231.2,283,,,g2,model,False
597,279,8476921,Jordan Martinook,F,CAR,34.52,26.86,-24.68,10.35,23.83,39.65,"age 33+, volatile",66.56,10.9,14.33,1.57,0.05,,,,,12.0,17.0,,,1.65,443.0,29.0,338.0,230.93,335,f3,,,model,False
598,51,8484170,Jacob Fowler,G,MTL,22.19,28.79,-24.68,5.31,27.53,51.91,"backup, volatile",23.45,,,,,0.29,11.0,2.77,1.34,,,,,,449.0,28.79,,,460,,,g2,model,False
599,280,8480113,Alex Iafallo,F,WPG,33.11,26.79,-24.74,10.6,23.9,39.37,"age 33+, volatile",67.7,11.3,13.64,1.8,0.05,,,,,13.0,16.0,,,1.42,446.0,29.0,321.0,231.28,318,f4,,,model,False
600,281,8480855,Jack McBain,F,UTA,27.07,26.78,-24.75,10.89,23.83,39.43,volatile,67.74,10.3,14.92,1.52,0.04,,,,,10.0,16.0,,,3.16,466.0,26.0,335.0,230.36,332,f4,,,model,False
601,282,8481013,Jonatan Berggren,F,STL,26.55,26.59,-24.95,9.23,23.67,39.61,"injury-prone, volatile",60.03,10.11,15.0,1.43,0.05,,,,,,,,,,459.0,26.59,,,466,f3,,,model,False
602,283,8480074,Alexandre Texier,F,MTL,27.39,26.56,-24.97,5.9,23.44,42.55,"injury-prone, volatile",59.82,10.06,15.08,1.37,0.05,,,,,,,,40.0,,354.0,40.0,,,427,f3,pp2,,model,False
603,284,8477407,Anthony Duclair,F,NYI,31.44,26.45,-25.08,10.09,23.61,39.27,"injury-prone, volatile",62.89,11.99,12.67,1.72,0.07,,,,,,,,,,460.0,26.45,,,467,f4,pp2,,model,False
604,52,8478024,Ville Husso,G,ANA,31.99,28.32,-25.15,5.21,27.08,51.18,"backup, volatile",24.41,,,,,0.3,11.4,2.83,0.89,,,,,,452.0,28.32,,,463,,,g2,model,False
605,285,8480980,Connor Dewar,F,PIT,27.6,26.34,-25.19,10.27,23.22,38.49,volatile,68.55,11.65,12.84,1.79,0.06,,,,,12.0,14.0,,,1.16,467.0,26.0,356.0,230.66,353,f4,,,model,False
606,53,8482821,Arvid Soderblom,G,CHI,27.46,28.25,-25.22,5.2,27.58,51.05,"backup, volatile",24.9,,,,,0.3,11.46,3.09,0.74,,,,,,453.0,28.25,,,464,,,g2,model,False
607,269,8479387,Keaton Middleton,D,COL,28.97,6.56,-25.25,0.81,6.42,13.66,"injury-prone, not in DF lineup",42.7,0.89,4.65,0.13,0.0,,,,,,,,,,877.0,6.56,,,877,,,,model,False
608,286,8476479,Phillip Danault,F,MTL,33.94,26.1,-25.44,10.21,22.94,38.02,"age 33+, volatile",66.08,8.44,16.48,1.15,0.02,,,,,,,,,,463.0,26.1,,,470,f4,,,model,False
609,287,8476392,Adam Lowry,F,WPG,33.85,26.08,-25.45,9.35,23.26,38.49,"age 33+, volatile",64.47,9.67,14.84,1.54,0.04,,,,,,,,,,464.0,26.08,,,471,f3,,,model,False
610,288,8476480,Vladislav Namestnikov,F,WPG,34.19,25.84,-25.69,9.32,23.18,38.44,"age 33+, volatile",60.87,9.66,14.6,1.54,0.04,,,,,,,,40.0,,346.0,40.0,,,422,f4,pp2,,model,False
611,289,8484392,Felix Unger Sorum,F,CAR,21.38,25.73,-25.8,4.1,25.14,52.73,"not in DF lineup, volatile",44.42,9.45,14.85,1.36,0.07,,,,,,,,,,469.0,25.73,,,472,,,,model,False
612,290,8479996,Cody Glass,F,NJD,27.84,25.73,-25.81,9.95,22.91,38.03,"injury-prone, volatile",65.9,13.08,10.83,1.73,0.09,,,,,,,,,,470.0,25.73,,,473,f4,,,model,False
613,270,8485218,Bryce Pickford,D,MTL,20.84,6.01,-25.81,0.0,8.17,27.99,"rookie/import, not in DF lineup",12.0,1.83,2.07,0.27,0.0,,,,,,,,,,880.0,6.01,,,880,,,,rookie,False
614,271,8480054,Reilly Walsh,D,MTL,27.78,5.89,-25.93,0.0,7.81,27.55,"rookie/import, not in DF lineup",12.0,1.3,3.09,0.19,0.0,,,,,,,,,,881.0,5.89,,,881,,,,rookie,False
615,54,8478007,Elvis Merzlikins,G,CBJ,32.8,27.52,-25.95,5.08,25.99,49.63,"off roster: unsigned or long-term injured, check, backup, volatile",22.61,,,,,0.28,11.04,2.67,0.93,,,8.0,,1.0,542.0,21.0,366.0,230.62,363,,,g2,model,True
616,291,8483731,Alex Bump,F,PHI,23.2,25.52,-26.02,2.19,24.43,43.99,volatile,49.21,11.15,12.56,1.72,0.09,,,,,,,,,,471.0,25.52,,,474,f3,pp2,,model,False
617,272,8484421,Eric Pohlkamp,D,SJS,22.86,5.44,-26.38,0.0,7.23,25.29,"rookie/import, not in DF lineup",12.0,1.35,2.53,0.2,0.0,,,,,,,,,,885.0,5.44,,,885,,,,rookie,False
618,273,8475795,Dylan McIlrath,D,WSH,34.78,5.41,-26.4,0.78,5.18,10.94,"age 33+, injury-prone, not in DF lineup",43.83,0.78,3.73,0.11,0.0,,,,,,,,,,886.0,5.41,,,886,,,,model,False
619,292,8483573,Ethen Frank,F,WSH,28.99,25.1,-26.43,8.83,22.47,37.71,"injury-prone, not in DF lineup, volatile",63.3,11.38,12.06,1.6,0.06,,,,,,,,,,473.0,25.1,,,476,,,,model,False
620,293,8476872,Scott Laughton,F,LAK,32.68,25.05,-26.48,9.67,22.52,37.65,volatile,62.87,10.98,12.34,1.68,0.06,,,,,,,,,,475.0,25.05,,,478,f3,,,model,False
621,294,8478366,Frank Vatrano,F,ANA,32.89,24.87,-26.66,5.22,22.54,40.31,volatile,58.0,12.28,10.46,2.04,0.09,,,,,,,,40.0,,353.0,40.0,,,426,f3,pp2,,model,False
622,274,8485352,Kashawn Aitcheson,D,NYI,20.36,5.12,-26.7,0.0,6.06,23.32,"rookie/import, not in DF lineup",12.0,1.34,2.24,0.2,0.0,,,,,,,,,,891.0,5.12,,,891,,,,rookie,False
623,295,8482758,Ville Koivunen,F,PIT,23.64,24.81,-26.72,4.68,22.21,40.15,"injury-prone, volatile",56.01,9.28,14.06,1.43,0.04,,,,,,,,,,477.0,24.81,,,480,f3,pp2,,model,False
624,275,8482459,Tyrel Bauer,D,WPG,24.86,5.04,-26.77,0.53,4.18,9.53,rookie/import,50.0,0.83,3.26,0.12,0.0,,,,,,,,,,893.0,5.04,,,893,d3,,,rookie,False
625,276,8477971,Andreas Englund,D,DET,31.03,4.89,-26.92,0.57,4.92,10.36,"injury-prone, not in DF lineup, new team",41.97,0.75,3.27,0.11,0.0,,,,,,,,,,895.0,4.89,,,895,,,,model,False
626,296,8475799,Nino Niederreiter,F,WPG,34.4,24.45,-27.08,8.47,21.72,36.02,"age 33+, volatile",61.16,11.0,11.65,1.75,0.06,,,,,,,,,,479.0,24.45,,,482,f4,pp2,,model,False
627,55,8475717,Calvin Pickard,G,MIN,34.8,26.28,-27.19,0.0,30.11,70.53,"age 33+, backup, new team, volatile",18.86,,,,,0.23,10.86,2.56,0.67,,,,,,461.0,26.28,,,468,,,g2,model,False
628,297,8476826,Yanni Gourde,F,TBL,35.13,24.32,-27.21,5.39,21.87,39.06,"age 33+, IR at camp, volatile",58.0,8.13,14.9,1.26,0.03,,,,,9.0,20.0,,40.0,0.89,417.0,34.5,365.0,230.65,362,,,,model,False
629,298,8482763,Fabian Lysell,F,COL,24.04,24.31,-27.22,3.73,24.88,50.72,"not in DF lineup, new team, volatile",43.82,10.68,11.91,1.62,0.1,,,,,,,,,,482.0,24.31,,,485,,,,model,False
630,299,8476927,Teddy Blueger,F,TOR,32.47,24.22,-27.31,4.06,22.14,40.56,"new team, volatile",53.75,8.73,14.19,1.26,0.04,,,,,,,,,,483.0,24.22,,,486,f4,,,model,False
631,300,8480995,Pontus Holmberg,F,TBL,27.9,24.2,-27.34,9.11,21.29,35.35,volatile,65.74,10.44,12.1,1.61,0.05,,,,,,,,,,484.0,24.2,,,487,f3,pp2,,model,False
632,301,8475848,Brendan Gallagher,F,VAN,34.74,24.15,-27.38,8.79,21.34,35.64,"age 33+, new team, volatile",66.12,10.66,11.96,1.48,0.05,,,,,,,,,,486.0,24.15,,,489,f4,,,model,False
633,302,8481523,Kirby Dach,F,MTL,26.03,24.15,-27.39,4.48,21.76,39.33,"injury-prone, not in DF lineup, volatile",55.29,10.39,12.28,1.41,0.06,,,,,,,,,,487.0,24.15,,,490,,,,model,False
634,303,8477998,Warren Foegele,F,OTT,30.84,23.98,-27.55,4.95,21.62,39.46,"IR at camp, volatile",55.19,12.42,9.57,1.89,0.1,,,,,,,,,,489.0,23.98,,,492,,,,model,False
635,304,8482209,Rory Kerins,F,CGY,24.81,23.87,-27.67,0.01,23.15,42.1,"injury-prone, not in DF lineup, volatile",45.06,8.05,14.63,1.14,0.04,,,,,,,,,,492.0,23.87,,,495,,,,model,False
636,305,8478874,Adam Gaudette,F,SJS,30.33,23.78,-27.75,8.77,21.15,35.42,"not in DF lineup, volatile",64.23,13.48,8.23,1.96,0.1,,,,,,,,,,493.0,23.78,,,496,,,,model,False
637,306,8484142,Denver Barkey,F,PHI,21.77,23.64,-27.9,1.63,22.83,41.29,"IR at camp, volatile",47.77,7.88,14.51,1.21,0.04,,,,,,,,,,494.0,23.64,,,497,,,,model,False
638,307,8476469,Joel Armia,F,LAK,33.67,23.55,-27.99,8.39,20.63,34.93,"age 33+, volatile",63.25,10.85,10.99,1.66,0.05,,,,,,,,,,495.0,23.55,,,498,f4,,,model,False
639,277,8484998,Noel Fransén,D,CAR,21.15,3.81,-28.0,0.0,4.89,17.44,"rookie/import, not in DF lineup",12.0,0.76,2.18,0.12,0.0,,,,,,,,,,907.0,3.81,,,907,,,,rookie,False
640,308,8470621,Corey Perry,F,LAK,41.71,23.47,-28.07,3.23,21.14,38.63,"age 33+, IR at camp, new team, volatile",52.09,10.72,11.03,1.64,0.07,,,,,16.0,18.0,,,1.52,418.0,34.0,349.0,230.77,346,,,,model,False
641,278,8477335,Kyle Burroughs,D,DAL,31.56,3.72,-28.09,0.36,3.65,7.78,"not in DF lineup, new team",40.55,0.7,2.2,0.11,0.0,,,,,,,,,,909.0,3.72,,,909,,,,model,False
642,309,8478421,A.J. Greer,F,ANA,30.13,23.38,-28.16,4.78,20.54,36.64,"IR at camp, new team, volatile",58.56,10.57,10.99,1.76,0.06,,,,,15.0,14.0,,,1.77,444.0,29.0,357.0,230.79,354,f3,,,model,False
643,310,8477953,Kasperi Kapanen,F,EDM,30.53,23.34,-28.19,4.31,20.99,37.5,volatile,55.95,8.88,12.97,1.45,0.04,,,,,,,,40.0,,351.0,40.0,,,424,f3,pp2,,model,False
644,311,8485395,James Hagens,F,BOS,20.25,23.31,-28.22,3.8,23.38,48.45,volatile,44.3,8.6,13.46,1.2,0.05,,,,,,,,41.0,,335.0,41.0,,,418,f3,pp2,,model,False
645,312,8484388,Daniil But,F,UTA,21.96,23.28,-28.26,3.53,20.93,38.22,volatile,52.64,10.47,11.19,1.54,0.07,,,,,,,,,,499.0,23.28,,,502,f1,,,model,False
646,279,8482676,Sean Behrens,D,COL,23.84,3.53,-28.29,0.0,4.31,15.75,"rookie/import, not in DF lineup",12.0,0.62,2.2,0.1,0.0,,,,,,,,,,910.0,3.53,,,910,,,,rookie,False
647,280,8483679,Anton Johansson,D,DET,22.64,3.51,-28.31,0.0,4.01,16.38,"rookie/import, not in DF lineup",12.0,0.73,1.95,0.1,0.0,,,,,,,,,,911.0,3.51,,,911,,,,rookie,False
648,313,8483695,Amadeus Lombardi,F,NJD,23.66,23.18,-28.35,2.24,20.76,45.11,"rookie/import, volatile",50.0,8.95,12.74,1.44,0.05,,,,,,,,,,500.0,23.18,,,503,f4,,,rookie,False
649,314,8483499,Liam Ohgren,F,VAN,23.01,23.13,-28.41,8.36,20.15,34.25,"injury-prone, volatile",65.33,9.48,12.29,1.32,0.03,,,,,,,,,,501.0,23.13,,,504,f2,pp2,,model,False
650,281,8482890,Ethan Samson,D,MTL,23.44,3.33,-28.48,0.0,3.97,15.11,"rookie/import, not in DF lineup",12.0,0.78,1.65,0.12,0.0,,,,,,,,,,912.0,3.33,,,912,,,,rookie,False
651,282,8486118,Gustav Stjernberg,D,COL,24.31,3.31,-28.5,0.0,4.06,15.58,"rookie/import, not in DF lineup",12.0,0.78,1.62,0.12,0.0,,,,,,,,,,913.0,3.31,,,913,,,,rookie,False
652,283,8485484,Damien Carfagna,D,EDM,24.14,3.27,-28.54,0.0,4.2,15.24,"rookie/import, not in DF lineup",12.0,0.67,1.83,0.1,0.0,,,,,,,,,,916.0,3.27,,,916,,,,rookie,False
653,284,8482687,Luke Mittelstadt,D,MTL,24.03,3.23,-28.58,0.0,3.88,14.5,"rookie/import, not in DF lineup",12.0,0.36,2.45,0.05,0.0,,,,,,,,,,918.0,3.23,,,918,,,,rookie,False
654,285,8481587,Antti Tuomisto,D,VGK,26.03,3.22,-28.59,0.0,4.12,15.04,"rookie/import, not in DF lineup",12.0,0.57,1.99,0.09,0.0,,,,,,,,,,919.0,3.22,,,919,,,,rookie,False
655,315,8484797,Konsta Helenius,F,BUF,20.73,22.92,-28.61,0.66,22.44,40.25,volatile,46.05,8.12,13.5,1.26,0.04,,,,,,,,49.0,,232.0,49.0,,,387,f2,,,model,False
656,286,8484822,Luke Krys,D,DAL,26.35,3.12,-28.7,0.0,3.64,14.08,"rookie/import, not in DF lineup",12.0,0.71,1.59,0.11,0.0,,,,,,,,,,921.0,3.12,,,921,,,,rookie,False
657,287,8480056,Jack Rathbone,D,BUF,27.7,3.05,-28.76,0.0,3.8,13.88,"rookie/import, not in DF lineup",12.0,0.61,1.75,0.09,0.0,,,,,,,,,,923.0,3.05,,,923,,,,rookie,False
658,288,8484146,Tristan Bertucci,D,DAL,21.56,3.02,-28.79,0.0,3.54,13.69,"rookie/import, not in DF lineup",12.0,0.5,1.94,0.08,0.0,,,,,,,,,,924.0,3.02,,,924,,,,rookie,False
659,289,8483666,Mattias Havelid,D,SJS,23.09,2.94,-28.87,0.0,3.73,13.79,"rookie/import, not in DF lineup",12.0,0.62,1.62,0.09,0.0,,,,,,,,,,926.0,2.94,,,926,,,,rookie,False
660,316,8479977,Kailer Yamamoto,F,UTA,28.34,22.65,-28.88,8.19,20.22,33.99,"injury-prone, volatile",62.04,10.95,10.03,1.61,0.06,,,,,,,,,,505.0,22.65,,,508,f3,pp2,,model,False
661,317,8477919,Frederick Gaudreau,F,SEA,33.75,22.56,-28.97,7.83,19.83,33.19,"age 33+, volatile",63.48,7.82,13.51,1.21,0.02,,,,,,,,,,507.0,22.56,,,510,f4,,,model,False
662,318,8482768,Fedor Svechkov,F,COL,23.83,22.55,-28.98,8.59,20.32,33.0,"new team, volatile",65.59,7.98,13.33,1.21,0.02,,,,,,,,,,508.0,22.55,,,511,f3,,,model,False
663,319,8481789,Tye Kartye,F,NYR,25.76,22.52,-29.02,8.08,19.91,33.23,"injury-prone, volatile",63.67,9.0,12.26,1.23,0.03,,,,,,,,,,509.0,22.52,,,512,f4,,,model,False
664,290,8482806,William Trudeau,D,NSH,24.31,2.77,-29.04,0.0,3.36,12.89,"rookie/import, not in DF lineup",12.0,0.65,1.38,0.09,0.0,,,,,,,,,,930.0,2.77,,,930,,,,rookie,False
665,291,8485004,Matvei Shuravin,D,FLA,20.87,2.76,-29.06,0.0,3.2,12.56,"rookie/import, not in DF lineup",12.0,0.45,1.77,0.08,0.0,,,,,,,,,,931.0,2.76,,,931,,,,rookie,False
666,292,8483509,Otto Salin,D,LAK,22.9,2.74,-29.07,0.0,3.48,12.78,"rookie/import, not in DF lineup",12.0,0.63,1.39,0.1,0.0,,,,,,,,,,932.0,2.74,,,932,,,,rookie,False
667,320,8478233,Andrew Mangiapane,F,CHI,30.83,22.44,-29.09,8.35,19.93,33.11,volatile,62.69,9.6,11.54,1.26,0.04,,,,,,,,,,510.0,22.44,,,513,f3,,,model,False
668,321,8482751,Ryan Winterton,F,SEA,23.41,22.38,-29.15,8.2,19.78,33.13,"injury-prone, volatile",64.94,7.56,13.64,1.17,0.02,,,,,,,,,,512.0,22.38,,,515,f4,,,model,False
669,293,8482860,Aleksi Heimosalmi,D,CAR,23.74,2.66,-29.15,0.0,3.37,12.22,"rookie/import, not in DF lineup",12.0,0.52,1.53,0.08,0.0,,,,,,,,,,933.0,2.66,,,933,,,,rookie,False
670,294,8479578,Casey Fitzgerald,D,FLA,29.93,2.58,-29.23,0.0,2.86,11.79,"rookie/import, not in DF lineup",12.0,0.42,1.67,0.07,0.0,,,,,,,,,,934.0,2.58,,,934,,,,rookie,False
671,322,8483505,Matthew Poitras,F,BOS,22.9,22.26,-29.27,3.53,22.01,45.63,"injury-prone, not in DF lineup, volatile",44.5,7.47,13.71,1.04,0.04,,,,,,,,,,514.0,22.26,,,517,,,,model,False
672,323,8480289,Morgan Barron,F,WPG,28.17,22.24,-29.3,8.23,19.9,32.9,volatile,63.9,10.5,10.02,1.67,0.05,,,,,,,,,,516.0,22.24,,,519,f3,,,model,False
673,56,8482076,Nico Daws,G,NJD,26.11,24.17,-29.3,0.0,27.69,63.44,"backup, volatile",18.94,,,,,0.23,9.35,2.2,1.09,,,,,,485.0,24.17,,,488,,,g2,model,False
674,324,8476981,Josh Anderson,F,MTL,32.74,22.14,-29.4,8.51,19.5,32.43,volatile,65.06,11.58,8.92,1.58,0.06,,,,,,,,,,517.0,22.14,,,520,f4,,,model,False
675,295,8480808,Jett Woo,D,ANA,26.52,2.41,-29.41,0.0,2.96,11.15,"rookie/import, not in DF lineup",12.0,0.32,1.73,0.05,0.0,,,,,,,,,,937.0,2.41,,,937,,,,rookie,False
676,296,8482171,William Wallinder,D,DET,24.51,2.34,-29.48,0.0,2.98,10.76,"rookie/import, not in DF lineup",12.0,0.27,1.75,0.04,0.0,,,,,,,,,,938.0,2.34,,,938,,,,rookie,False
677,57,8483703,Sergei Murashov,G,PIT,22.84,23.97,-29.5,0.0,27.46,64.32,"backup, volatile",18.37,,,,,0.22,9.07,2.76,1.02,,,28.0,,57.74,62.0,76.0,74.0,101.79,74,,,g2,model,False
678,297,8482942,Alex Gagne,D,COL,24.47,2.3,-29.51,0.0,2.86,10.53,"rookie/import, not in DF lineup",12.0,0.31,1.63,0.05,0.0,,,,,,,,,,940.0,2.3,,,940,,,,rookie,False
679,325,8481532,Alex Turcotte,F,LAK,25.93,21.99,-29.54,8.43,19.54,32.33,"injury-prone, volatile",62.96,7.99,12.76,1.22,0.02,,,,,,,,,,521.0,21.99,,,522,f4,pp2,,model,False
680,298,8484429,Matthew Andonovski,D,OTT,21.89,2.25,-29.56,0.0,2.87,10.61,"rookie/import, not in DF lineup",12.0,0.34,1.52,0.05,0.0,,,,,,,,,,942.0,2.25,,,942,,,,rookie,False
681,299,8482922,Kirill Kirsanov,D,LAK,24.37,2.23,-29.59,0.0,2.73,10.61,"rookie/import, not in DF lineup",12.0,0.48,1.18,0.08,0.0,,,,,,,,,,943.0,2.23,,,943,,,,rookie,False
682,326,8482148,Hendrix Lapierre,F,PIT,24.98,21.94,-29.6,8.78,19.65,32.61,"injury-prone, new team, volatile",66.82,6.94,13.91,1.07,0.01,,,,,,,,,,523.0,21.94,,,524,f3,pp2,,model,False
683,327,8483468,Jiri Kulich,F,BUF,22.8,21.88,-29.66,1.17,21.74,48.13,"injury-prone, IR at camp, volatile",37.91,10.86,9.2,1.68,0.14,,,,,,,,43.0,,306.0,43.0,,,407,f4,pp2,,model,False
684,300,8485008,Owen Protz,D,MTL,20.98,2.0,-29.82,0.0,2.44,9.22,"rookie/import, not in DF lineup",12.0,0.32,1.3,0.05,0.0,,,,,,,,,,944.0,2.0,,,944,,,,rookie,False
685,328,8476873,Mark Jankowski,F,CAR,32.39,21.69,-29.85,8.14,19.27,32.29,"injury-prone, volatile",63.86,10.73,9.36,1.54,0.05,,,,,,,,,,528.0,21.69,,,529,f4,pp2,,model,False
686,329,8479550,Tanner Laczynski,F,VGK,29.67,21.62,-29.92,0.61,20.98,37.3,"injury-prone, not in DF lineup, volatile",46.47,8.66,11.41,1.49,0.05,,,,,,,,,,529.0,21.62,,,530,,,,model,False
687,330,8484160,Nate Danielson,F,DET,22.35,21.58,-29.95,3.21,19.56,35.1,volatile,52.13,8.26,12.06,1.23,0.04,,,,,,,,,,531.0,21.58,,,532,f3,,,model,False
688,331,8484958,Maxim Tsyplakov,F,CGY,28.37,21.47,-30.06,4.55,19.44,34.66,"new team, volatile",57.98,7.32,13.1,1.04,0.02,,,,,15.0,33.0,,,14.3,244.0,48.0,204.0,229.74,204,f4,pp2,,model,False
689,58,8477970,Vitek Vanecek,G,NYI,31.06,23.4,-30.07,4.3,22.37,42.18,"backup, new team, volatile",23.94,,,,,0.29,8.78,3.15,0.9,,,,,,498.0,23.4,,,501,,,g2,model,False
690,332,8482634,Alex Steeves,F,BOS,27.15,21.43,-30.11,4.12,18.88,34.51,"injury-prone, volatile",56.81,9.99,9.99,1.39,0.05,,,,,,,,,,532.0,21.43,,,533,f4,,,model,False
691,333,8486052,Nikita Klepov,F,ANA,18.6,21.39,-30.14,6.38,17.75,35.98,"rookie/import, volatile",65.0,7.82,12.42,1.13,0.02,,,,,,,,,,533.0,21.39,,,534,f2,pp2,,rookie,False
692,301,8483521,Noah Warren,D,ANA,22.55,1.59,-30.22,0.0,2.16,7.51,"rookie/import, not in DF lineup",12.0,0.24,1.09,0.03,0.0,,,,,,,,,,945.0,1.59,,,945,,,,rookie,False
693,334,8486025,Viggo Björck,F,WPG,18.89,21.12,-30.41,5.91,16.94,35.23,"rookie/import, volatile",65.0,7.97,11.97,1.17,0.02,,,,,,,,,,537.0,21.12,,,538,f2,pp2,,rookie,False
694,335,8484203,Bradly Nadeau,F,CAR,21.74,21.11,-30.43,1.06,19.05,35.58,"injury-prone, not in DF lineup, volatile",47.0,10.43,9.09,1.5,0.08,,,,,,,,,,538.0,21.11,,,539,,,,model,False
695,336,8480829,Jesperi Kotkaniemi,F,CAR,26.57,21.1,-30.44,4.25,19.19,34.09,"not in DF lineup, volatile",56.49,7.89,12.05,1.13,0.03,,,,,,,,,,539.0,21.1,,,540,,,,model,False
696,337,8485405,Brady Martin,F,NSH,19.88,21.08,-30.45,3.38,21.15,43.82,volatile,44.27,7.7,12.14,1.21,0.04,,,,,,,,,,541.0,21.08,,,542,f1,,,model,False
697,338,8478508,Yakov Trenin,F,MIN,30.05,20.98,-30.55,8.34,18.25,30.3,volatile,69.27,8.15,11.43,1.38,0.02,,,,,7.0,15.0,,,6.11,520.0,22.0,345.0,227.7,342,f3,,,model,False
698,339,8478831,Kevin Stenlund,F,UTA,30.37,20.92,-30.61,7.86,18.29,30.75,"not in DF lineup, volatile",68.46,8.55,11.08,1.26,0.02,,,,,,,,,,543.0,20.92,,,543,,,,model,False
699,340,8480355,Mark Kastelic,F,BOS,27.9,20.92,-30.62,8.05,18.43,30.13,"injury-prone, volatile",69.24,9.85,9.66,1.37,0.03,,,,,,,,,,544.0,20.92,,,544,f4,,,model,False
700,341,8479992,Michael Rasmussen,F,DET,27.79,20.88,-30.65,7.75,18.79,31.19,volatile,63.45,9.02,10.48,1.34,0.03,,,,,,,,,,546.0,20.88,,,546,f4,,,model,False
701,342,8479661,Tanner Jeannot,F,BOS,29.68,20.67,-30.87,7.93,18.71,30.58,"not in DF lineup, volatile",67.63,8.14,11.37,1.13,0.02,,,,,,,,,,549.0,20.67,,,549,,,,model,False
702,59,8482657,Sebastian Cossa,G,UTA,24.2,22.6,-30.87,0.0,30.53,60.65,"backup, new team, volatile",17.22,,,,,0.21,8.84,2.14,0.93,,,,,,506.0,22.6,,,509,,,g2,model,False
703,343,8481725,Elmer Soderblom,F,PIT,25.58,20.65,-30.89,7.49,18.45,30.48,"injury-prone, volatile",61.81,9.22,9.98,1.42,0.04,,,,,,,,,,550.0,20.65,,,550,f4,,,model,False
704,344,8481754,Nikita Nesterenko,F,ANA,25.39,20.59,-30.94,3.25,18.7,33.68,"injury-prone, not in DF lineup, volatile",52.3,7.22,12.14,1.2,0.02,,,,,,,,,,552.0,20.59,,,552,,,,model,False
705,345,8480762,Eric Robinson,F,CAR,31.64,20.58,-30.96,7.74,18.18,30.32,volatile,63.72,9.93,9.18,1.43,0.04,,,,,,,,,,553.0,20.58,,,553,f1,,,model,False
706,346,8482125,Alexander Holtz,F,VGK,25.02,20.54,-30.99,2.93,18.34,34.42,"injury-prone, not in DF lineup, volatile",51.93,8.56,10.47,1.47,0.04,,,,,,,,,,554.0,20.54,,,554,,,,model,False
707,347,8481535,Nils Hoglander,F,NSH,26.12,20.26,-31.28,3.67,18.21,33.14,"new team, volatile",55.06,9.24,9.52,1.45,0.04,,,,,,,,,,555.0,20.26,,,555,f2,,,model,False
708,348,8482691,Aatu Räty,F,VAN,24.22,20.25,-31.28,7.45,18.09,29.9,"not in DF lineup, volatile",64.04,8.12,10.99,1.13,0.02,,,,,,,,,,556.0,20.25,,,556,,,,model,False
709,349,8477426,Nick Paul,F,TOR,31.87,20.24,-31.29,1.55,18.83,33.76,"IR at camp, new team, volatile",48.98,9.41,9.42,1.35,0.06,,,,,,,,,,557.0,20.24,,,557,,,,model,False
710,350,8477021,Alexander Kerfoot,F,NSH,32.48,20.15,-31.39,3.14,18.08,33.15,"new team, volatile",52.85,7.78,11.12,1.22,0.03,,,,,,,,,,559.0,20.15,,,559,f3,pp2,,model,False
711,351,8484136,Max Sasson,F,VAN,26.41,20.06,-31.47,7.45,18.09,30.03,volatile,63.98,10.41,8.16,1.45,0.05,,,,,,,,,,560.0,20.06,,,560,f3,,,model,False
712,60,8479496,David Rittich,G,NJD,34.45,21.95,-31.53,0.0,25.14,58.89,"age 33+, backup, new team, volatile",16.97,,,,,0.21,8.69,2.11,0.82,,,,,,522.0,21.95,,,523,,,,model,False
713,352,8476393,Nick Cousins,F,OTT,33.54,19.96,-31.57,7.85,17.72,29.33,age 33+,67.42,7.97,10.76,1.21,0.02,,,,,,,,,,561.0,19.96,,,561,f4,,,model,False
714,353,8478891,Mason Appleton,F,DET,31.05,19.85,-31.68,7.38,17.58,29.15,,63.25,7.8,10.87,1.16,0.02,,,,,,,,,,564.0,19.85,,,564,f3,,,model,False
715,354,8485467,Luke Haymes,F,TOR,23.52,19.81,-31.72,2.88,19.27,39.48,not in DF lineup,44.39,7.29,11.44,1.05,0.03,,,,,,,,,,566.0,19.81,,,566,,,,model,False
716,61,8482221,Devon Levi,G,EDM,25.1,21.74,-31.74,0.0,29.36,57.05,"backup, new team, volatile",16.48,,,,,0.2,8.7,2.05,0.77,,,,,,526.0,21.74,,,527,,,g2,model,False
717,355,8478434,Keegan Kolesar,F,DET,29.82,19.74,-31.8,7.93,17.34,28.77,new team,69.16,7.48,11.13,1.11,0.02,,,,,9.0,13.0,,,1.89,519.0,22.0,361.0,230.47,358,f4,,,model,False
718,356,8476994,Vinnie Hinostroza,F,COL,32.83,19.73,-31.8,6.97,17.53,29.61,"injury-prone, not in DF lineup, new team",62.54,7.46,11.12,1.13,0.02,,,,,,,,,,567.0,19.73,,,567,,,,model,False
719,357,8478046,Danton Heinen,F,CBJ,31.58,19.72,-31.81,3.75,17.48,31.1,not in DF lineup,56.95,7.92,10.64,1.14,0.03,,,,,,,,,,568.0,19.72,,,568,,,,model,False
720,358,8483752,Dominic James,F,TBL,24.58,19.7,-31.83,1.41,18.09,33.45,IR at camp,47.13,8.19,10.21,1.27,0.04,,,,,,,,,,569.0,19.7,,,569,,,,model,False
721,359,8482703,Colton Dach,F,EDM,24.08,19.63,-31.91,7.39,17.44,29.21,injury-prone,62.34,7.67,10.68,1.25,0.02,,,,,,,,,,571.0,19.63,,,571,f4,,,model,False
722,360,8475343,Nic Dowd,F,VGK,36.68,19.57,-31.97,7.2,17.4,28.77,age 33+,64.19,7.46,10.81,1.28,0.02,,,,,,,,,,572.0,19.57,,,572,f4,,,model,False
723,361,8479591,Michael Eyssimont,F,BOS,30.4,19.55,-31.98,6.83,17.48,28.76,not in DF lineup,60.58,8.71,9.6,1.21,0.03,,,,,,,,,,573.0,19.55,,,573,,,,model,False
724,362,8477839,Conor Sheary,F,BUF,34.65,19.53,-32.0,6.88,17.48,29.29,"age 33+, injury-prone, not in DF lineup, new team",60.83,7.26,11.13,1.13,0.02,,,,,,,,,,575.0,19.53,,,575,,,,model,False
725,363,8477380,Jonny Brodzinski,F,WSH,33.62,19.51,-32.02,4.3,17.38,31.2,"age 33+, injury-prone, off roster: unsigned or long-term injured, check, not in DF lineup, new team",59.0,7.87,10.51,1.11,0.02,,,,,,,,,,577.0,19.51,,,577,,,,model,True
726,364,8483676,Stephen Halliday,F,OTT,24.59,19.49,-32.04,2.72,17.85,32.15,,52.49,6.41,12.09,0.98,0.02,,,,,,,,,,578.0,19.49,,,578,f4,,,model,False
727,365,8483609,Adam Klapka,F,CGY,26.38,19.46,-32.07,7.5,16.94,28.24,injury-prone,68.14,7.66,10.69,1.09,0.02,,,,,,,,,,579.0,19.46,,,579,f4,,,model,False
728,366,8480003,Jesper Boqvist,F,NJD,28.26,19.46,-32.08,7.53,17.4,28.76,"not in DF lineup, new team",66.21,7.86,10.54,1.04,0.02,,,,,,,,,,580.0,19.46,,,580,,,,model,False
729,367,8477446,Michael McCarron,F,MIN,31.91,19.45,-32.09,7.28,17.21,28.36,,67.33,8.83,9.1,1.5,0.03,,,,,,,,,,581.0,19.45,,,581,f4,,,model,False
730,368,8484234,Aydar Suniev,F,CGY,22.21,19.39,-32.14,2.81,18.35,38.99,"injury-prone, not in DF lineup",44.94,7.12,11.23,1.01,0.03,,,,,,,,,,582.0,19.39,,,582,,,,model,False
731,369,8483481,Cam Lund,F,SJS,22.65,19.36,-32.17,2.51,18.56,39.83,not in DF lineup,43.06,7.79,10.39,1.13,0.04,,,,,,,,,,583.0,19.36,,,583,,,,model,False
732,370,8479390,Taylor Raddysh,F,NYR,28.95,19.28,-32.26,7.25,17.21,28.37,not in DF lineup,64.58,7.55,10.67,1.03,0.02,,,,,,,,,,585.0,19.28,,,585,,,,model,False
733,371,8482213,Riley Duran,F,BOS,25.02,19.23,-32.3,2.48,18.33,39.83,not in DF lineup,43.04,7.81,10.29,1.09,0.04,,,,,,,,,,586.0,19.23,,,586,,,,model,False
734,372,8481481,Blake Lizotte,F,PIT,29.14,19.22,-32.32,2.23,17.78,32.17,"injury-prone, IR at camp",50.83,7.75,10.25,1.19,0.03,,,,,,,,,,587.0,19.22,,,587,,,,model,False
735,373,8481043,Cole Koepke,F,WPG,28.71,19.17,-32.36,7.01,17.26,28.59,not in DF lineup,63.88,8.73,9.03,1.39,0.03,,,,,,,,,,589.0,19.17,,,589,,,,model,False
736,374,8482742,Zachary L'Heureux,F,COL,23.72,18.95,-32.59,2.16,17.08,31.93,"injury-prone, new team",50.76,9.1,8.41,1.38,0.05,,,,,,,,,,591.0,18.95,,,591,f4,,,model,False
737,375,8482117,Lukas Reichel,F,BOS,24.71,18.94,-32.59,2.65,17.17,31.83,"injury-prone, not in DF lineup",52.09,6.8,11.17,0.95,0.02,,,,,,,,,,592.0,18.94,,,592,,,,model,False
738,376,8476374,Sean Kuraly,F,BOS,34.03,18.93,-32.61,7.63,16.76,27.71,age 33+,67.46,6.86,11.1,0.96,0.01,,,,,,,,,,593.0,18.93,,,593,f4,,,model,False
739,377,8481577,Philip Tomasino,F,OTT,25.51,18.92,-32.61,0.99,17.36,32.14,"injury-prone, off roster: unsigned or long-term injured, check, not in DF lineup, new team",45.77,7.61,10.12,1.16,0.04,,,,,,,,,,594.0,18.92,,,594,,,,model,True
740,378,8478472,Mathieu Joseph,F,EDM,29.98,18.83,-32.71,4.17,16.69,29.57,"injury-prone, new team",59.07,6.02,11.81,0.98,0.01,,,,,,,,,,597.0,18.83,,,597,f4,,,model,False
741,379,8476897,Oskar Sundqvist,F,STL,32.86,18.78,-32.75,4.61,17.11,30.35,"off roster: unsigned or long-term injured, check, not in DF lineup",58.28,5.88,12.06,0.83,0.01,,,,,,,,,,598.0,18.78,,,598,,,,model,True
742,380,8478057,Dakota Joshua,F,TOR,30.72,18.75,-32.78,2.09,17.35,31.29,"injury-prone, IR at camp",50.46,9.01,8.4,1.3,0.05,,,,,,,,,,599.0,18.75,,,599,,,,model,False
743,381,8480029,Alex Formenton,F,EDM,27.39,18.75,-32.79,1.65,15.57,35.46,rookie/import,50.0,8.85,8.49,1.36,0.05,,,,,,,,,,600.0,18.75,,,600,f4,,,rookie,False
744,382,8484180,Samuel Honzek,F,CGY,22.22,18.74,-32.8,2.07,17.22,31.46,injury-prone,48.55,8.61,8.86,1.22,0.05,,,,,,,,,,601.0,18.74,,,601,f2,,,model,False
745,383,8476292,Ondrej Palat,F,NYI,35.85,18.73,-32.81,7.18,16.49,27.56,age 33+,66.05,7.58,10.04,1.09,0.02,,,,,,,,,,602.0,18.73,,,602,f4,,,model,False
746,384,8481550,Adam Beckman,F,COL,25.73,18.68,-32.85,2.41,17.25,37.7,"not in DF lineup, new team",42.99,5.86,11.92,0.89,0.02,,,,,,,,,,604.0,18.68,,,604,,,,model,False
747,385,8480291,Skyler Brind'Amour,F,CAR,27.52,18.63,-32.9,2.62,18.2,37.08,"injury-prone, not in DF lineup",44.16,8.09,9.33,1.16,0.05,,,,,,,,,,605.0,18.63,,,605,,,,model,False
748,386,8479705,Jeffrey Viel,F,TBL,30.01,18.63,-32.91,4.19,16.98,29.74,"injury-prone, new team",57.09,7.98,9.39,1.23,0.03,,,,,,,,,,606.0,18.63,,,606,f3,,,model,False
749,387,8482765,Isak Rosen,F,WPG,23.89,18.56,-32.98,3.16,16.9,30.28,injury-prone,54.52,8.34,8.86,1.33,0.03,,,,,,,,,,609.0,18.56,,,609,f2,pp2,,model,False
750,388,8484149,Gavin Brindley,F,COL,22.32,18.53,-33.0,6.82,16.3,27.42,"injury-prone, not in DF lineup",60.6,7.96,9.33,1.21,0.02,,,,,,,,,,610.0,18.53,,,610,,,,model,False
751,389,8477425,Miles Wood,F,CBJ,31.39,18.49,-33.04,4.47,16.44,29.68,"injury-prone, not in DF lineup",59.41,8.5,8.74,1.22,0.03,,,,,,,,,,611.0,18.49,,,611,,,,model,False
752,62,8479312,Alex Lyon,G,BUF,34.15,20.37,-33.11,0.0,27.51,54.65,"age 33+, IR at camp, backup, volatile",15.67,,,,,0.31,8.06,1.88,0.79,,,21.0,,48.29,204.0,52.0,164.0,211.45,164,,,g2,model,False
753,390,8480007,Jonas Rondbjerg,F,VGK,27.84,18.42,-33.12,2.66,18.0,37.56,"injury-prone, not in DF lineup",44.04,9.62,7.06,1.66,0.08,,,,,,,,,,613.0,18.42,,,613,,,,model,False
754,391,8483733,Nikita Grebenkin,F,PHI,23.75,18.4,-33.13,6.55,16.35,27.53,"injury-prone, not in DF lineup",60.3,5.97,11.5,0.92,0.01,,,,,,,,,,614.0,18.4,,,614,,,,model,False
755,392,8479365,Trent Frederic,F,EDM,28.97,18.36,-33.17,7.01,16.26,26.95,,66.36,8.44,8.52,1.38,0.02,,,,,,,,,,616.0,18.36,,,616,f3,,,model,False
756,393,8473422,Nick Foligno,F,MIN,39.26,18.36,-33.18,3.35,16.61,29.93,age 33+,56.3,7.02,10.13,1.19,0.02,,,,,,,,,,617.0,18.36,,,617,f4,,,model,False
757,394,8480078,Filip Chytil,F,VAN,27.41,18.35,-33.18,0.72,19.46,41.0,"injury-prone, IR at camp",37.36,8.31,8.83,1.15,0.07,,,,,,,,,,618.0,18.35,,,618,,,,model,False
758,395,8480848,Ty Dellandrea,F,SJS,26.53,18.3,-33.23,3.79,16.24,29.37,"injury-prone, not in DF lineup",57.41,6.52,10.81,0.95,0.01,,,,,,,,,,619.0,18.3,,,619,,,,model,False
759,396,8478904,Steven Lorentz,F,TOR,30.8,18.3,-33.23,7.15,16.18,26.74,"off roster: unsigned or long-term injured, check, not in DF lineup",65.1,7.32,9.91,1.05,0.02,,,,,,,,,,620.0,18.3,,,620,,,,model,True
760,397,8477478,William Carrier,F,CAR,32.12,18.21,-33.33,7.06,16.25,26.86,injury-prone,64.24,7.94,9.11,1.14,0.02,,,,,,,,,,622.0,18.21,,,622,f4,,,model,False
761,398,8483471,Brad Lambert,F,WPG,23.12,18.2,-33.33,1.89,16.63,30.29,injury-prone,50.69,7.06,10.0,1.12,0.02,,,,,,,,,,623.0,18.2,,,623,f3,,,model,False
762,399,8478569,Noel Acciari,F,PHI,35.17,18.12,-33.41,7.03,16.06,26.86,"age 33+, new team",62.03,8.5,8.29,1.31,0.03,,,,,,,,,,626.0,18.12,,,626,f4,,,model,False
763,400,8475220,Marcus Foligno,F,MIN,35.48,18.05,-33.48,3.98,16.24,29.04,"age 33+, injury-prone",58.35,8.23,8.4,1.4,0.03,,,,,,,,,,628.0,18.05,,,628,f4,,,model,False
764,401,8476925,Colton Sissons,F,TOR,33.24,17.95,-33.58,6.71,15.83,26.29,"age 33+, new team",62.47,7.94,8.85,1.14,0.02,,,,,,,,,,630.0,17.95,,,630,f3,,,model,False
765,402,8483476,Jonathan Lekkerimäki,F,VAN,22.52,17.86,-33.68,1.97,16.42,30.02,injury-prone,46.86,7.55,9.22,1.05,0.03,,,,,,,,,,631.0,17.86,,,631,f1,pp2,,model,False
766,403,8483570,Ben Meyers,F,SEA,28.21,17.85,-33.68,3.9,15.9,28.15,"injury-prone, not in DF lineup",59.24,7.57,9.09,1.17,0.02,,,,,,,,,,632.0,17.85,,,632,,,,model,False
767,404,8477450,Jason Dickinson,F,EDM,31.58,17.83,-33.7,2.64,16.31,29.27,"injury-prone, IR at camp",52.84,7.86,8.66,1.28,0.03,,,,,,,,,,633.0,17.83,,,633,,,,model,False
768,405,8476878,Zemgus Girgensons,F,TBL,33.07,17.7,-33.83,6.74,15.71,26.02,age 33+,65.07,8.06,8.38,1.25,0.02,,,,,,,,,,635.0,17.7,,,635,f3,,,model,False
769,406,8483669,Adam Sykora,F,NYR,22.4,17.69,-33.84,0.86,16.46,30.64,not in DF lineup,46.19,8.31,8.2,1.14,0.05,,,,,,,,,,636.0,17.69,,,636,,,,model,False
770,407,8481032,Paul Cotter,F,VAN,27.21,17.62,-33.91,6.6,15.5,25.73,new team,67.91,8.54,7.87,1.19,0.02,,,,,,,,,,637.0,17.62,,,637,f4,,,model,False
771,63,8480022,Michael DiPietro,G,BOS,27.65,19.54,-33.93,0.0,26.39,52.43,backup,17.22,,,,,0.21,7.7,2.14,0.67,,,,,,574.0,19.54,,,574,,,g2,model,False
772,408,8476889,Radek Faksa,F,DAL,33.06,17.46,-34.07,4.45,15.38,27.26,age 33+,59.94,5.28,11.32,0.85,0.01,,,,,,,,,,641.0,17.46,,,641,f4,,,model,False
773,409,8476474,Stefan Noesen,F,NJD,33.97,17.44,-34.1,2.35,16.22,35.85,"age 33+, IR at camp",43.7,7.83,8.53,1.04,0.04,,,,,,,,,,642.0,17.44,,,642,,,,model,False
774,410,8481133,Cole Reinhardt,F,FLA,27.0,17.25,-34.29,5.89,15.36,25.4,"injury-prone, not in DF lineup",61.4,8.25,7.77,1.2,0.03,,,,,,,,,,646.0,17.25,,,646,,,,model,False
775,411,8479336,Carl Grundstrom,F,PHI,29.17,17.1,-34.43,4.03,15.51,27.58,injury-prone,57.5,8.9,6.8,1.37,0.04,,,,,,,,,,649.0,17.1,,,649,f4,,,model,False
776,412,8483455,Isaac Howard,F,EDM,22.84,17.1,-34.44,2.2,15.4,28.2,,51.77,7.52,8.32,1.23,0.03,,,,,,,,,,650.0,17.1,,,650,f2,pp2,,model,False
777,64,8476945,Connor Hellebuyck,G,WPG,33.71,19.01,-34.46,0.0,21.78,49.9,"age 33+, IR at camp, backup",14.49,,,,,0.3,7.18,2.07,0.86,,,29.0,,87.61,90.0,70.0,111.0,118.33,111,,,,model,False
778,413,8485469,Jack Williams,F,CBJ,24.92,16.63,-34.91,1.9,15.81,33.64,not in DF lineup,42.6,6.78,8.84,0.97,0.03,,,,,,,,,,658.0,16.63,,,658,,,,model,False
779,414,8480281,Alexey Toropchenko,F,STL,27.61,16.49,-35.05,6.05,14.76,24.73,,63.27,7.06,8.41,1.0,0.02,,,,,,,,,,659.0,16.49,,,659,f4,,,model,False
780,415,8483406,Taylor Ward,F,LAK,28.84,16.44,-35.1,2.45,14.95,26.82,"injury-prone, not in DF lineup",53.93,7.15,8.17,1.09,0.02,,,,,,,,,,660.0,16.44,,,660,,,,model,False
781,416,8482784,Zach Dean,F,STL,24.08,16.39,-35.15,2.18,16.22,34.04,not in DF lineup,42.56,6.9,8.48,0.98,0.03,,,,,,,,,,663.0,16.39,,,663,,,,model,False
782,417,8482785,Justin Robidas,F,CAR,23.89,16.38,-35.16,2.01,15.0,33.36,"injury-prone, not in DF lineup",43.21,5.62,9.94,0.81,0.02,,,,,,,,,,664.0,16.38,,,664,,,,model,False
783,418,8480840,Oskar Bäck,F,DAL,26.89,16.37,-35.16,6.28,14.43,23.99,,65.52,6.19,9.17,1.0,0.01,,,,,,,,,,665.0,16.37,,,665,f4,,,model,False
784,419,8475231,Casey Cizikas,F,NYI,35.93,16.37,-35.17,6.22,14.56,23.83,age 33+,66.06,7.64,7.61,1.1,0.02,,,,,,,,,,666.0,16.37,,,666,f4,,,model,False
785,420,8476278,Colin Blackwell,F,DAL,33.85,16.36,-35.17,6.15,14.39,24.4,"age 33+, injury-prone",63.34,6.24,9.11,1.01,0.01,,,,,,,,,,667.0,16.36,,,667,f4,,,model,False
786,421,8480870,Bo Groulx,F,TOR,26.99,16.35,-35.19,0.82,15.17,28.03,injury-prone,46.62,7.02,8.29,1.01,0.03,,,,,,,,,,668.0,16.35,,,668,f3,,,model,False
787,422,8482062,Cole Smith,F,CHI,31.26,16.25,-35.28,6.35,14.47,24.18,new team,62.09,7.8,7.41,1.02,0.02,,,,,,,,,,670.0,16.25,,,670,f4,,,model,False
788,423,8484794,Michael Brandsegg-Nygård,F,DET,21.33,16.23,-35.31,1.36,15.14,27.89,,46.94,5.96,9.37,0.89,0.02,,,,,,,,,,671.0,16.23,,,671,f3,pp2,,model,False
789,424,8481591,Samuel Poulin,F,MTL,25.93,16.2,-35.33,2.24,16.17,32.85,"injury-prone, not in DF lineup, new team",43.17,6.29,9.03,0.86,0.02,,,,,,,,,,673.0,16.2,,,673,,,,model,False
790,425,8481655,Cole Schwindt,F,FLA,25.77,16.03,-35.5,1.94,14.51,26.46,"injury-prone, not in DF lineup",51.64,7.08,7.9,1.03,0.02,,,,,,,,,,678.0,16.03,,,678,,,,model,False
791,426,8483771,Sandis Vilmanis,F,FLA,23.03,15.94,-35.6,1.34,14.5,26.64,,48.45,6.91,8.0,1.01,0.02,,,,,,,,,,679.0,15.94,,,679,f3,,,model,False
792,427,8479362,Riley Tufte,F,NJD,28.81,15.9,-35.63,2.15,15.34,32.34,"injury-prone, not in DF lineup, new team",43.74,6.81,8.16,0.9,0.03,,,,,,,,,,680.0,15.9,,,680,,,,model,False
793,65,8479406,Filip Gustavsson,G,MIN,28.65,17.82,-35.65,0.0,20.41,47.82,"IR at camp, off roster: unsigned or long-term injured, check, backup",12.71,,,,,0.28,7.08,1.48,0.73,,,24.0,,72.65,144.0,61.0,142.0,189.72,142,,,,model,True
794,428,8478413,Jordan Greenway,F,CHI,29.96,15.81,-35.72,2.91,14.28,25.83,"injury-prone, new team",55.17,5.75,9.29,0.75,0.01,,,,,,,,,,681.0,15.81,,,681,f4,,,model,False
795,429,8484938,Arttu Hyry,F,DAL,25.82,15.74,-35.79,1.09,14.26,26.94,"injury-prone, not in DF lineup",48.72,6.89,7.71,1.11,0.02,,,,,,,,,,682.0,15.74,,,682,,,,model,False
796,430,8483491,Ivan Miroshnichenko,F,WSH,22.99,15.69,-35.85,0.55,14.12,26.84,"injury-prone, not in DF lineup",46.51,7.18,7.47,1.01,0.03,,,,,,,,,,683.0,15.69,,,683,,,,model,False
797,431,8474189,Lars Eller,F,FLA,37.74,15.54,-35.99,5.59,13.82,23.47,"age 33+, new team",61.05,6.32,8.28,0.92,0.01,,,,,,,,,,685.0,15.54,,,685,f4,,,model,False
798,66,8478470,Samuel Montembeault,G,MTL,30.26,17.35,-36.12,0.0,19.87,45.54,backup,13.45,,,,,0.16,6.79,1.99,0.59,,,,,,644.0,17.35,,,644,,,,model,False
799,432,8477573,Nathan Walker,F,STL,32.98,15.35,-36.18,2.94,13.68,24.8,"injury-prone, off roster: unsigned or long-term injured, check, not in DF lineup",55.82,6.42,8.01,0.91,0.02,,,,,,,,,,689.0,15.35,,,689,,,,model,True
800,433,8479359,Beck Malenstyn,F,BUF,28.99,15.31,-36.22,5.85,13.32,22.35,,68.32,6.28,8.04,0.97,0.01,,,,,,,,,,692.0,15.31,,,692,f4,,,model,False
801,434,8482118,Sam Colangelo,F,ANA,25.1,15.26,-36.27,0.05,14.35,26.85,"injury-prone, not in DF lineup",45.12,8.09,5.78,1.35,0.04,,,,,,,,,,693.0,15.26,,,693,,,,model,False
802,435,8479423,Alex Nylander,F,CGY,28.92,15.25,-36.28,1.75,14.53,31.77,"injury-prone, not in DF lineup, new team",42.33,7.82,6.28,1.11,0.04,,,,,,,,,,695.0,15.25,,,695,,,,model,False
803,436,8481592,Jakob Pelletier,F,TBL,25.91,15.18,-36.35,2.08,14.23,31.4,"injury-prone, not in DF lineup",43.93,5.74,8.54,0.89,0.02,,,,,,,,,,698.0,15.18,,,698,,,,model,False
804,437,8483447,Conor Geekie,F,TBL,22.74,15.15,-36.38,0.56,13.97,26.1,injury-prone,46.74,6.59,7.53,1.02,0.02,,,,,,,,,,699.0,15.15,,,699,f4,pp2,,model,False
805,438,8479520,Brandon Duhaime,F,TOR,29.7,14.99,-36.55,5.72,13.09,21.81,new team,68.61,6.63,7.4,0.95,0.01,,,,,,,,,,702.0,14.99,,,702,f4,,,model,False
806,439,8481028,Martin Pospisil,F,CGY,27.2,14.98,-36.55,1.47,13.55,25.19,injury-prone,49.3,5.09,9.16,0.72,0.01,,,,,,,,,,703.0,14.98,,,703,f4,,,model,False
807,440,8483432,Luca Del Bel Belluz,F,CBJ,23.23,14.97,-36.57,1.18,13.65,25.48,injury-prone,46.75,5.45,8.72,0.78,0.01,,,,,,,,,,704.0,14.97,,,704,f4,,,model,False
808,441,8481641,Joel Kiviranta,F,DAL,30.86,14.93,-36.6,3.32,13.42,24.16,"injury-prone, not in DF lineup, new team",58.19,6.86,6.95,1.11,0.02,,,,,,,,,,705.0,14.93,,,705,,,,model,False
809,442,8484242,Brayden Yager,F,WPG,22.08,14.92,-36.61,1.95,13.84,30.07,not in DF lineup,43.24,6.05,7.89,0.96,0.02,,,,,,,,,,707.0,14.92,,,707,,,,model,False
810,443,8482408,Jeff Malott,F,ANA,30.49,14.89,-36.64,5.31,13.14,21.92,"injury-prone, new team",60.59,6.6,7.18,1.1,0.01,,,,,,,,,,709.0,14.89,,,709,f4,,,model,False
811,444,8485512,Tim Washe,F,ANA,25.44,14.82,-36.71,2.86,13.43,24.5,injury-prone,54.64,6.91,6.74,1.15,0.02,,,,,,,,,,712.0,14.82,,,712,f4,,,model,False
812,445,8482172,Landon Slaggert,F,CHI,24.61,14.69,-36.84,3.27,13.14,23.52,"injury-prone, not in DF lineup",59.18,6.3,7.55,0.83,0.01,,,,,,,,,,715.0,14.69,,,715,,,,model,False
813,446,8475842,Sam Carrick,F,BUF,34.99,14.48,-37.06,5.58,12.86,21.48,age 33+,63.62,6.56,6.89,1.02,0.01,,,,,,,,,,719.0,14.48,,,719,f4,,,model,False
814,67,8482447,Leevi Meriläinen,G,VAN,24.47,16.4,-37.07,0.0,18.79,44.01,"backup, new team",19.02,,,,,0.23,6.33,2.17,0.52,,,,,,662.0,16.4,,,662,,,g2,model,False
815,447,8482874,Jacob Melanson,F,SEA,23.78,14.32,-37.21,2.27,12.89,23.39,injury-prone,53.63,6.62,6.66,1.02,0.02,,,,,,,,,,721.0,14.32,,,721,f4,,,model,False
816,448,8481186,Logan O'Connor,F,COL,30.47,14.25,-37.29,0.99,13.01,24.76,injury-prone,46.1,6.18,7.11,0.94,0.02,,,,,,,,,,722.0,14.25,,,722,f4,,,model,False
817,68,8477480,Eric Comrie,G,SJS,31.58,16.06,-37.42,0.0,21.69,42.14,"off roster: unsigned or long-term injured, check, backup, new team",11.39,,,,,0.14,6.77,1.17,0.45,,,,,,677.0,16.06,,,677,,,,model,True
818,449,8480813,Joseph Veleno,F,NYR,27.05,14.09,-37.44,5.05,12.45,21.3,new team,61.69,5.89,7.39,0.8,0.01,,,,,,,,,,724.0,14.09,,,724,f4,,,model,False
819,450,8482896,Tyson Kozak,F,BUF,24.09,14.04,-37.49,3.07,12.76,22.59,"injury-prone, not in DF lineup",56.83,5.71,7.44,0.89,0.01,,,,,,,,,,726.0,14.04,,,726,,,,model,False
820,451,8481477,Nico Sturm,F,MIN,31.75,13.96,-37.57,2.94,12.54,22.51,"injury-prone, not in DF lineup",57.07,6.06,6.87,1.03,0.01,,,,,,,,,,728.0,13.96,,,728,,,,model,False
821,452,8482877,Jaroslav Chmelar,F,NYR,23.54,13.95,-37.58,1.92,12.75,23.25,not in DF lineup,51.02,6.55,6.49,0.89,0.02,,,,,,,,,,729.0,13.95,,,729,,,,model,False
822,453,8483567,Georgii Merkulov,F,COL,26.31,13.94,-37.59,1.66,13.39,28.57,"injury-prone, not in DF lineup, new team",42.46,5.37,7.75,0.81,0.02,,,,,,,,,,730.0,13.94,,,730,,,,model,False
823,454,8481538,Judd Caulfield,F,ANA,25.87,13.87,-37.66,1.38,11.51,26.44,rookie/import,50.0,5.72,7.32,0.83,0.01,,,,,,,,,,731.0,13.87,,,731,f4,,,rookie,False
824,455,8479718,Alex Barré-Boulet,F,SJS,29.7,13.86,-37.68,1.78,13.25,28.87,"injury-prone, not in DF lineup, new team",42.73,6.5,6.39,0.95,0.03,,,,,,,,,,733.0,13.86,,,733,,,,model,False
825,456,8480853,Liam Foudy,F,NYI,26.99,13.72,-37.81,1.7,13.12,27.64,"injury-prone, not in DF lineup",42.44,4.83,8.19,0.69,0.01,,,,,,,,,,735.0,13.72,,,735,,,,model,False
826,457,8481732,Andre Lee,F,LAK,26.52,13.66,-37.87,2.02,13.18,27.6,injury-prone,44.29,5.77,6.99,0.88,0.02,,,,,,,,,,736.0,13.66,,,736,f3,,,model,False
827,458,8484793,Sacha Boisvert,F,CHI,20.88,13.61,-37.93,2.12,13.12,27.8,not in DF lineup,44.31,5.32,7.57,0.7,0.01,,,,,,,,,,737.0,13.61,,,737,,,,model,False
828,459,8482132,Brett Berard,F,MTL,24.4,13.6,-37.94,0.55,12.57,23.13,"injury-prone, not in DF lineup, new team",46.18,6.57,6.11,0.9,0.02,,,,,,,,,,738.0,13.6,,,738,,,,model,False
829,460,8483553,Marc Gatcomb,F,VGK,27.53,13.58,-37.96,2.88,12.22,21.95,"injury-prone, new team",57.69,6.73,5.67,1.16,0.02,,,,,,,,,,739.0,13.58,,,739,f4,,,model,False
830,461,8484403,Florian Xhekaj,F,MTL,22.6,13.57,-37.96,1.93,12.91,27.54,not in DF lineup,43.68,5.02,7.86,0.68,0.01,,,,,,,,,,740.0,13.57,,,740,,,,model,False
831,69,8483711,Domenic DiVincentiis,G,WPG,22.91,15.49,-37.98,0.17,18.99,68.08,"rookie/import, backup",14.01,,,,,0.17,6.16,1.74,0.47,,,,,,686.0,15.49,,,686,,,g2,rookie,False
832,462,8483513,Reid Schaefer,F,NSH,23.36,13.5,-38.03,2.48,12.03,21.76,,57.04,6.98,5.41,1.1,0.02,,,,,,,,,,741.0,13.5,,,741,f4,,,model,False
833,463,8484509,Josh Samanski,F,EDM,24.87,13.46,-38.08,1.12,12.28,22.82,not in DF lineup,49.67,5.39,7.18,0.88,0.01,,,,,,,,,,743.0,13.46,,,743,,,,model,False
834,70,8477992,Jonas Johansson,G,OTT,31.37,15.34,-38.13,0.0,17.58,40.28,"off roster: unsigned or long-term injured, check, backup, new team",13.2,,,,,0.16,5.76,1.55,0.76,,,,,,690.0,15.34,,,690,,,,model,True
835,464,8476952,Dominic Toninato,F,CHI,32.9,13.39,-38.14,1.81,12.59,27.07,"injury-prone, not in DF lineup",43.44,6.14,6.42,0.81,0.02,,,,,,,,,,745.0,13.39,,,745,,,,model,False
836,465,8479941,Justin Danforth,F,BUF,33.88,13.36,-38.18,1.43,12.06,27.05,"age 33+, injury-prone, not in DF lineup",41.79,5.52,6.97,0.86,0.02,,,,,,,,,,748.0,13.36,,,748,,,,model,False
837,466,8482663,Dylan Duke,F,TBL,23.92,13.35,-38.19,1.66,12.75,27.56,"injury-prone, not in DF lineup",42.36,4.98,7.58,0.77,0.01,,,,,,,,,,749.0,13.35,,,749,,,,model,False
838,71,8480051,Cayden Primeau,G,CAR,27.48,15.23,-38.24,0.0,20.58,39.99,"backup, new team",9.1,,,,,0.11,6.38,1.09,0.46,,,,,,696.0,15.23,,,696,,,,model,False
839,467,8481556,John Beecher,F,FLA,25.83,13.25,-38.28,2.12,11.94,21.61,"injury-prone, not in DF lineup, new team",53.18,5.72,6.68,0.83,0.01,,,,,,,,,,750.0,13.25,,,750,,,,model,False
840,468,8475760,Nick Bjugstad,F,NJD,34.54,13.25,-38.29,1.33,11.95,21.94,"age 33+, IR at camp",50.09,6.32,6.07,0.84,0.02,,,,,,,,,,751.0,13.25,,,751,,,,model,False
841,469,8483395,Arshdeep Bains,F,VAN,26.06,13.04,-38.5,1.63,11.96,21.72,injury-prone,50.9,5.51,6.75,0.77,0.01,,,,,,,,,,759.0,13.04,,,759,f4,,,model,False
842,470,8482747,Brennan Othmann,F,CGY,24.07,12.98,-38.56,0.82,11.81,21.92,"injury-prone, not in DF lineup",48.0,6.08,6.02,0.86,0.02,,,,,,,,,,761.0,12.98,,,761,,,,model,False
843,471,8480806,Isac Lundeström,F,CBJ,27.24,12.88,-38.66,2.2,11.76,21.12,"IR at camp, off roster: unsigned or long-term injured, check",54.11,4.92,7.24,0.71,0.01,,,,,,,,,,764.0,12.88,,,764,,,,model,True
844,472,8481237,Kyle MacLean,F,NYI,27.76,12.69,-38.84,4.67,11.34,18.83,"injury-prone, not in DF lineup",60.87,4.99,6.98,0.72,0.01,,,,,,,,,,768.0,12.69,,,768,,,,model,False
845,473,8482726,Samuel Helenius,F,LAK,24.18,12.46,-39.08,2.75,11.01,19.87,injury-prone,58.87,5.75,5.82,0.88,0.01,,,,,,,,,,773.0,12.46,,,773,f4,,,model,False
846,474,8477527,Ross Johnston,F,STL,32.95,12.42,-39.12,4.39,11.09,18.51,"injury-prone, not in DF lineup, new team",60.65,3.99,7.86,0.56,0.0,,,,,,,,,,774.0,12.42,,,774,,,,model,False
847,475,8481726,Adam Edstrom,F,NSH,26.31,12.3,-39.24,1.99,11.24,20.35,"injury-prone, not in DF lineup, new team",53.01,6.21,5.1,0.98,0.02,,,,,,,,,,777.0,12.3,,,777,,,,model,False
848,476,8480876,Curtis Douglas,F,SEA,26.91,12.19,-39.35,2.24,11.04,19.21,"not in DF lineup, new team",55.59,5.88,5.39,0.91,0.01,,,,,,,,,,778.0,12.19,,,778,,,,model,False
849,477,8482070,Mitchell Chaffee,F,NYI,29.02,12.18,-39.35,0.63,11.29,20.97,"injury-prone, not in DF lineup, new team",45.31,5.91,5.41,0.85,0.02,,,,,,,,,,779.0,12.18,,,779,,,,model,False
850,72,8481551,Colten Ellis,G,BUF,26.32,14.08,-39.39,0.0,19.02,37.79,backup,11.32,,,,,0.14,5.52,1.47,0.53,,,,,,725.0,14.08,,,725,,,,model,False
851,478,8476624,Barclay Goodrow,F,SJS,33.93,12.12,-39.42,4.49,10.57,17.82,age 33+,66.71,5.48,5.84,0.8,0.01,,,,,,,,,,781.0,12.12,,,781,f4,,,model,False
852,479,8483424,Owen Beck,F,MTL,23.0,12.06,-39.48,0.68,11.1,20.9,"injury-prone, not in DF lineup",46.57,5.93,5.3,0.81,0.02,,,,,,,,,,783.0,12.06,,,783,,,,model,False
853,480,8477149,Scott Sabourin,F,TBL,34.51,12.0,-39.53,1.49,10.97,20.18,"age 33+, injury-prone, not in DF lineup",48.32,4.73,6.54,0.73,0.01,,,,,,,,,,784.0,12.0,,,784,,,,model,False
854,481,8479944,Zachary Aston-Reese,F,PHI,32.48,11.95,-39.58,1.37,11.0,19.93,"injury-prone, off roster: unsigned or long-term injured, check, not in DF lineup, new team",49.44,4.66,6.57,0.72,0.01,,,,,,,,,,785.0,11.95,,,785,,,,model,True
855,482,8482460,Matt Rempe,F,NYR,24.59,11.93,-39.6,1.61,10.9,19.82,injury-prone,50.09,5.61,5.54,0.77,0.01,,,,,,,,,,787.0,11.93,,,787,f4,,,model,False
856,483,8481704,Juuso Parssinen,F,NYR,26.0,11.88,-39.65,0.86,10.96,20.29,"injury-prone, off roster: unsigned or long-term injured, check, not in DF lineup",48.16,5.42,5.7,0.74,0.01,,,,,,,,,,788.0,11.88,,,788,,,,model,True
857,484,8482859,Zack Ostapchuk,F,SJS,23.68,11.71,-39.82,4.27,10.4,17.32,injury-prone,60.73,5.46,5.45,0.79,0.01,,,,,,,,,,791.0,11.71,,,791,f4,,,model,False
858,485,8479368,Max Jones,F,EDM,28.96,11.69,-39.84,1.05,10.64,19.62,injury-prone,48.43,5.11,5.74,0.83,0.01,,,,,,,,,,793.0,11.69,,,793,f3,,,model,False
859,486,8484929,Juha Jaaska,F,CAR,28.98,11.59,-39.95,1.24,11.18,24.05,not in DF lineup,41.76,3.91,7.11,0.56,0.01,,,,,,,,,,795.0,11.59,,,795,,,,model,False
860,73,8484268,Nikita Tolopilo,G,VAN,26.82,13.49,-39.98,0.0,18.22,35.41,backup,12.38,,,,,0.15,5.49,1.43,0.36,,,,,,742.0,13.49,,,742,,,,model,False
861,487,8479644,Matt Luff,F,NYI,29.74,11.53,-40.0,1.49,10.98,23.59,"not in DF lineup, new team",43.31,4.84,5.99,0.69,0.01,,,,,,,,,,796.0,11.53,,,796,,,,model,False
862,488,8478424,Jansen Harkins,F,TBL,29.69,11.47,-40.07,1.97,10.03,18.36,"injury-prone, new team",55.84,4.52,6.24,0.7,0.01,,,,,,,,,,797.0,11.47,,,797,f4,,,model,False
863,489,8483728,Jared Davidson,F,MTL,24.57,11.16,-40.38,1.7,10.63,22.54,not in DF lineup,44.86,4.13,6.46,0.56,0.01,,,,,,,,,,802.0,11.16,,,802,,,,model,False
864,490,8477903,Garnet Hathaway,F,FLA,35.19,11.02,-40.51,4.12,9.75,16.34,"age 33+, new team",60.86,4.74,5.58,0.69,0.01,,,,,,,,,,804.0,11.02,,,804,f4,,,model,False
865,491,8480825,Patrick Giles,F,SJS,27.08,11.02,-40.52,1.42,10.82,22.74,"injury-prone, not in DF lineup",42.59,4.6,5.74,0.67,0.01,,,,,,,,,,805.0,11.02,,,805,,,,model,False
866,74,8475660,Cam Talbot,G,CBJ,39.58,12.96,-40.52,0.0,14.84,34.01,"age 33+, backup, new team",9.91,,,,,0.12,4.98,1.71,0.43,,,12.0,,1.11,423.0,32.37,363.0,230.52,360,,,,model,False
867,492,8479346,Dillon Dube,F,STL,28.54,10.89,-40.64,1.17,10.07,22.49,new team,41.61,4.58,5.65,0.65,0.01,,,,,,,,,,809.0,10.89,,,809,f4,,,model,False
868,493,8482802,Carter Mazur,F,DET,24.85,10.85,-40.68,1.5,10.29,21.49,"injury-prone, not in DF lineup",44.15,4.41,5.78,0.66,0.01,,,,,,,,,,811.0,10.85,,,811,,,,model,False
869,494,8481517,Brett Leason,F,SJS,27.76,10.84,-40.69,1.37,10.63,21.85,"injury-prone, not in DF lineup, new team",43.52,4.27,5.94,0.62,0.01,,,,,,,,,,812.0,10.84,,,812,,,,model,False
870,495,8483433,Jack Devine,F,FLA,23.34,10.82,-40.72,1.46,10.19,21.81,not in DF lineup,43.51,4.39,5.77,0.64,0.01,,,,,,,,,,814.0,10.82,,,814,,,,model,False
871,75,8483532,Clay Stevenson,G,WSH,27.92,12.7,-40.78,0.0,14.54,34.07,backup,8.94,,,,,0.11,5.15,1.04,0.45,,,,,,767.0,12.7,,,767,,,,model,False
872,496,8477406,Mattias Janmark,F,EDM,34.15,10.74,-40.8,1.5,10.08,21.65,"age 33+, IR at camp",44.12,3.43,6.75,0.56,0.0,,,,,,,,,,815.0,10.74,,,815,,,,model,False
873,76,8482193,Dylan Garand,G,NYR,24.65,12.65,-40.82,0.0,14.5,33.95,backup,9.27,,,,,0.11,4.91,1.2,0.54,,,,,,770.0,12.65,,,770,,,,model,False
874,497,8483526,Danil Zhilkin,F,WPG,23.12,10.7,-40.83,1.52,10.5,21.5,not in DF lineup,43.49,3.93,6.15,0.62,0.01,,,,,,,,,,816.0,10.7,,,816,,,,model,False
875,498,8477070,Liam O'Brien,F,UTA,32.51,10.47,-41.07,1.35,9.57,17.18,"injury-prone, not in DF lineup",52.74,4.95,4.78,0.73,0.01,,,,,,,,,,825.0,10.47,,,825,,,,model,False
876,499,8479066,Ryan Lomberg,F,CBJ,32.15,10.41,-41.12,2.37,9.51,16.56,new team,59.07,4.32,5.47,0.62,0.0,,,,,,,,,,830.0,10.41,,,830,f4,,,model,False
877,500,8479293,Brandon Tanev,F,UTA,35.09,10.3,-41.23,2.12,9.25,16.64,"age 33+, not in DF lineup",57.55,4.38,5.27,0.64,0.0,,,,,,,,,,833.0,10.3,,,833,,,,model,False
878,501,8481065,Angus Crookshank,F,FLA,27.33,10.26,-41.27,1.49,9.82,20.61,"injury-prone, not in DF lineup, new team",44.05,4.56,5.03,0.66,0.01,,,,,,,,,,834.0,10.26,,,834,,,,model,False
879,502,8481534,Raphael Lavoie,F,VGK,26.35,10.11,-41.42,1.08,9.78,21.03,"injury-prone, not in DF lineup",41.78,4.07,5.34,0.7,0.01,,,,,,,,,,838.0,10.11,,,838,,,,model,False
880,503,8483549,Lucas Condotta,F,MTL,29.24,10.03,-41.5,1.04,9.25,20.56,"injury-prone, not in DF lineup",41.46,4.31,5.13,0.59,0.01,,,,,,,,,,840.0,10.03,,,840,,,,model,False
881,504,8483397,Marc McLaughlin,F,NJD,27.52,9.84,-41.7,1.36,9.32,19.73,"injury-prone, not in DF lineup",43.66,4.42,4.82,0.59,0.01,,,,,,,,,,843.0,9.84,,,843,,,,model,False
882,77,8482123,Drew Commesso,G,CHI,24.54,11.74,-41.73,0.0,15.86,30.82,backup,8.68,,,,,0.11,4.84,1.02,0.35,,,,,,790.0,11.74,,,790,,,,model,False
883,505,8480468,James Hamblin,F,ANA,27.77,9.62,-41.91,0.93,9.01,19.73,"not in DF lineup, new team",41.35,4.65,4.2,0.77,0.01,,,,,,,,,,845.0,9.62,,,845,,,,model,False
884,506,8478115,Pierre Engvall,F,NYI,30.67,9.59,-41.94,0.0,9.72,22.94,IR at camp,31.65,4.14,4.85,0.59,0.01,,,,,,,,,,847.0,9.59,,,847,,,,model,False
885,78,8481544,Mads Sogaard,G,TBL,26.14,11.31,-42.16,0.0,12.96,29.69,"backup, new team",8.2,,,,,0.1,4.72,1.01,0.29,,,,,,800.0,11.31,,,800,,,,model,False
886,507,8478888,Cameron Hughes,F,DAL,30.31,9.2,-42.34,1.13,8.94,18.82,not in DF lineup,42.14,3.79,4.79,0.61,0.01,,,,,,,,,,851.0,9.2,,,851,,,,model,False
887,508,8478043,Sam Lafferty,F,FLA,31.91,9.05,-42.49,0.97,8.37,15.21,"injury-prone, not in DF lineup, new team",49.86,4.22,4.2,0.62,0.01,,,,,,,,,,853.0,9.05,,,853,,,,model,False
888,509,8485105,Nikita Prishchepov,F,COL,22.95,8.89,-42.64,0.95,8.76,18.74,not in DF lineup,41.25,3.62,4.72,0.55,0.01,,,,,,,,,,856.0,8.89,,,856,,,,model,False
889,79,8481529,Trent Miner,G,COL,25.99,10.68,-42.79,0.0,14.43,28.66,backup,7.95,,,,,0.1,3.91,1.34,0.51,,,,,,817.0,10.68,,,817,,,,model,False
890,80,8481707,Erik Portillo,G,LAK,26.41,10.46,-43.01,0.0,14.13,27.46,backup,8.03,,,,,0.1,4.07,1.0,0.44,,,,,,826.0,10.46,,,826,,,,model,False
891,81,8477035,Matt Tomkins,G,EDM,32.62,10.44,-43.04,0.0,11.96,27.4,"backup, new team",7.79,,,,,0.1,4.13,0.97,0.4,,,,,,829.0,10.44,,,829,,,,model,False
892,82,8476316,Laurent Brossoit,G,ANA,33.86,10.41,-43.06,0.0,11.93,27.33,"age 33+, backup, new team",8.19,,,,,0.1,4.08,0.99,0.42,,,,,,831.0,10.41,,,831,,,,model,False
893,510,8478147,Bokondji Imama,F,FLA,30.5,8.11,-43.42,0.91,7.76,16.66,"injury-prone, new team",41.56,3.53,4.07,0.51,0.0,,,,,,,,,,862.0,8.11,,,862,f4,,,model,False
894,511,8475235,Nicolas Deslauriers,F,CAR,35.94,8.0,-43.53,0.78,7.39,13.36,"age 33+, injury-prone",48.75,3.81,3.65,0.55,0.0,,,,,,,,,,864.0,8.0,,,864,f4,,,model,False
895,83,8475883,Frederik Andersen,G,EDM,37.33,9.79,-43.68,0.0,13.22,26.27,"age 33+, IR at camp, backup, new team",8.45,,,,,0.22,3.79,1.12,0.36,,,13.0,,6.09,420.0,33.62,367.0,230.03,364,,,,model,False
896,512,8478173,Hayden Hodgson,F,OTT,30.92,7.83,-43.7,1.1,7.72,16.11,"injury-prone, not in DF lineup",43.92,3.18,4.16,0.49,0.0,,,,,,,,,,866.0,7.83,,,866,,,,model,False
897,513,8479981,Jonah Gadjovich,F,FLA,28.31,7.36,-44.17,0.0,7.59,16.95,"injury-prone, IR at camp",34.56,3.2,3.69,0.47,0.0,,,,,,,,,,868.0,7.36,,,868,,,,model,False
898,514,8479772,Zack MacEwen,F,TOR,30.57,7.24,-44.3,0.87,6.93,14.86,"injury-prone, new team",41.69,3.4,3.35,0.49,0.0,,,,,,,,,,870.0,7.24,,,870,f4,,,model,False
899,515,8482953,Taylor Makar,F,COL,25.89,7.11,-44.42,0.99,6.86,14.42,not in DF lineup,44.82,2.89,3.78,0.44,0.0,,,,,,,,,,871.0,7.11,,,871,,,,model,False
900,84,8484312,Georgii Romanov,G,STL,27.13,9.0,-44.48,0.0,10.31,23.62,"backup, new team",7.54,,,,,0.09,3.56,0.94,0.32,,,,,,855.0,9.0,,,855,,,,model,False
901,516,8485587,Benjamin Rautiainen,F,TBL,21.64,6.98,-44.56,0.0,9.34,32.93,"rookie/import, not in DF lineup",12.0,2.18,4.45,0.33,0.01,,,,,,,,,,872.0,6.98,,,872,,,,rookie,False
902,85,8477831,Pheonix Copley,G,CBJ,35.04,8.6,-44.87,0.0,9.85,22.58,"age 33+, backup, new team",6.47,,,,,0.08,3.55,0.79,0.24,,,,,,858.0,8.6,,,858,,,,model,False
903,517,8478400,Colin White,F,NJD,30.0,6.61,-44.92,0.66,6.3,13.7,"injury-prone, not in DF lineup, new team",40.85,2.7,3.55,0.36,0.0,,,,,,,,,,875.0,6.61,,,875,,,,model,False
904,86,8482783,Aleksei Kolosov,G,PHI,25.08,8.47,-45.0,0.0,9.71,22.24,backup,7.63,,,,,0.09,3.33,0.92,0.3,,,,,,859.0,8.47,,,859,,,,model,False
905,518,8486171,T.J. Hughes,F,COL,25.23,6.23,-45.31,0.0,8.31,29.9,"rookie/import, not in DF lineup",12.0,2.16,3.71,0.34,0.01,,,,,,,,,,878.0,6.23,,,878,,,,rookie,False
906,519,8475968,Alex Belzile,F,MTL,35.42,5.54,-46.0,0.0,7.22,26.36,"rookie/import, age 33+, not in DF lineup",12.0,2.21,2.98,0.33,0.01,,,,,,,,,,884.0,5.54,,,884,,,,rookie,False
907,87,8478492,Ilya Samsonov,G,SJS,29.94,7.28,-46.19,0.0,9.84,19.12,"backup, new team",5.98,,,,,0.07,2.96,0.74,0.21,,,,,,869.0,7.28,,,869,,,,model,False
908,520,8482682,Sasha Pastujov,F,MTL,23.55,5.27,-46.26,0.0,6.68,24.27,"rookie/import, not in DF lineup",12.0,1.89,3.09,0.28,0.01,,,,,,,,,,887.0,5.27,,,887,,,,rookie,False
909,521,8484231,Charlie Stramel,F,MIN,22.3,5.22,-46.32,0.0,6.48,24.09,"rookie/import, not in DF lineup",12.0,1.9,3.01,0.3,0.01,,,,,,,,,,889.0,5.22,,,889,,,,rookie,False
910,522,8486151,Matthew DiMarsico,F,COL,23.07,5.18,-46.36,0.0,6.16,24.13,"rookie/import, not in DF lineup",12.0,2.04,2.81,0.32,0.01,,,,,,,,,,890.0,5.18,,,890,,,,rookie,False
911,523,8484200,Quentin Musty,F,SJS,21.57,5.04,-46.49,0.0,6.35,23.79,"rookie/import, not in DF lineup",12.0,2.18,2.53,0.32,0.01,,,,,,,,,,892.0,5.04,,,892,,,,rookie,False
912,88,8484900,Cooper Black,G,FLA,25.63,6.86,-46.61,0.08,10.78,30.17,"rookie/import, backup",5.33,,,,,0.06,2.83,0.66,0.18,,,,,,873.0,6.86,,,873,,,,rookie,False
913,89,8484996,Ilya Nabokov,G,COL,23.85,6.86,-46.61,0.08,10.77,30.16,"rookie/import, backup",5.0,,,,,0.06,2.87,0.62,0.17,,,,,,874.0,6.86,,,874,,,,rookie,False
914,524,8483441,Quinn Finley,F,NYI,22.48,4.91,-46.63,0.0,5.86,22.27,"rookie/import, not in DF lineup",12.0,2.1,2.48,0.32,0.01,,,,,,,,,,894.0,4.91,,,894,,,,rookie,False
915,525,8481720,Nick Abruzzese,F,TBL,27.66,4.88,-46.65,0.0,6.16,22.48,"rookie/import, not in DF lineup",12.0,1.53,3.11,0.23,0.0,,,,,,,,,,896.0,4.88,,,896,,,,rookie,False
916,526,8485362,Carter Bear,F,DET,20.24,4.79,-46.74,0.0,6.01,21.59,"rookie/import, not in DF lineup",12.0,2.09,2.39,0.3,0.01,,,,,,,,,,897.0,4.79,,,897,,,,rookie,False
917,90,8482465,Rémi Poirier,G,DAL,25.32,6.6,-46.87,0.07,10.37,28.09,"rookie/import, backup",5.17,,,,,0.06,2.72,0.64,0.17,,,,,,876.0,6.6,,,876,,,,rookie,False
918,527,8484807,Cole Eiserman,F,NYI,20.43,4.66,-46.87,0.0,5.85,21.48,"rookie/import, not in DF lineup",12.0,2.2,2.11,0.33,0.01,,,,,,,,,,898.0,4.66,,,898,,,,rookie,False
919,528,8484224,Gracyn Sawchyn,F,FLA,22.03,4.54,-46.99,0.0,5.3,20.4,"rookie/import, not in DF lineup",12.0,1.49,2.8,0.25,0.0,,,,,,,,,,899.0,4.54,,,899,,,,rookie,False
920,529,8477073,Kurtis MacDermid,F,OTT,32.86,4.51,-47.03,0.19,4.14,7.74,"injury-prone, not in DF lineup",45.52,1.89,2.33,0.29,0.0,,,,,,,,,,900.0,4.51,,,900,,,,model,False
921,530,8484154,Jonathan Castagna,F,CGY,21.79,4.48,-47.05,0.0,5.19,20.52,"rookie/import, not in DF lineup",12.0,1.69,2.55,0.24,0.01,,,,,,,,,,901.0,4.48,,,901,,,,rookie,False
922,531,8482081,Sean Farrell,F,ANA,25.25,4.46,-47.07,0.0,5.71,20.94,"rookie/import, not in DF lineup",12.0,1.57,2.66,0.23,0.0,,,,,,,,,,902.0,4.46,,,902,,,,rookie,False
923,532,8483704,Dans Locmelis,F,BOS,23.03,4.4,-47.14,0.0,5.34,20.1,"rookie/import, not in DF lineup",12.0,1.78,2.37,0.25,0.01,,,,,,,,,,903.0,4.4,,,903,,,,rookie,False
924,533,8485400,Roger McQueen,F,ANA,20.33,4.35,-47.18,0.0,5.41,20.58,"rookie/import, not in DF lineup",12.0,1.67,2.43,0.24,0.01,,,,,,,,,,904.0,4.35,,,904,,,,rookie,False
925,91,8483475,Topias Leinonen,G,BUF,23.02,6.19,-47.28,0.07,7.6,26.35,"rookie/import, backup",5.0,,,,,0.06,2.53,0.62,0.17,,,,,,879.0,6.19,,,879,,,,rookie,False
926,534,8484770,Sam O'Reilly,F,TBL,20.84,4.08,-47.45,0.0,4.62,18.61,"rookie/import, not in DF lineup",12.0,1.57,2.27,0.24,0.0,,,,,,,,,,905.0,4.08,,,905,,,,rookie,False
927,535,8486161,Owen Michaels,F,EDM,24.76,4.05,-47.48,0.0,5.07,18.54,"rookie/import, not in DF lineup",12.0,1.7,2.08,0.26,0.01,,,,,,,,,,906.0,4.05,,,906,,,,rookie,False
928,92,8481757,Carter Gylander,G,DET,25.66,5.75,-47.72,0.06,9.03,24.47,"rookie/import, backup",5.17,,,,,0.06,2.29,0.64,0.17,,,,,,882.0,5.75,,,882,,,,rookie,False
929,536,8482760,Samu Salminen,F,FLA,23.82,3.76,-47.77,0.0,4.76,17.4,"rookie/import, not in DF lineup",12.0,1.29,2.25,0.22,0.0,,,,,,,,,,908.0,3.76,,,908,,,,rookie,False
930,93,8480356,Kyle Keyser,G,SJS,27.9,5.64,-47.83,0.06,8.85,23.98,"rookie/import, backup",4.83,,,,,0.06,2.27,0.6,0.16,,,,,,883.0,5.64,,,883,,,,rookie,False
931,94,8485012,Kirill Zarubin,G,CGY,21.37,5.24,-48.23,0.06,6.43,23.03,"rookie/import, backup",5.17,,,,,0.06,2.04,0.64,0.17,,,,,,888.0,5.24,,,888,,,,rookie,False
932,537,8486072,Marcus Nordmark,F,ANA,18.75,3.3,-48.23,0.0,4.14,15.1,"rookie/import, not in DF lineup",12.0,1.31,1.8,0.19,0.0,,,,,,,,,,914.0,3.3,,,914,,,,rookie,False
933,538,8483878,Kai Schwindt,F,FLA,23.15,3.28,-48.25,0.0,3.98,14.96,"rookie/import, not in DF lineup",12.0,1.2,1.88,0.2,0.0,,,,,,,,,,915.0,3.28,,,915,,,,rookie,False
934,539,8482518,Lucas Mercuri,F,TBL,24.91,3.25,-48.28,0.0,4.13,15.17,"rookie/import, not in DF lineup",12.0,1.36,1.69,0.21,0.0,,,,,,,,,,917.0,3.25,,,917,,,,rookie,False
935,540,8485691,Jaxon Fuder,F,DAL,20.84,3.17,-48.37,0.0,3.66,14.35,"rookie/import, not in DF lineup",12.0,1.13,1.86,0.18,0.0,,,,,,,,,,920.0,3.17,,,920,,,,rookie,False
936,541,8485091,Noah Steen,F,TBL,22.46,3.07,-48.47,0.0,3.8,14.32,"rookie/import, not in DF lineup",12.0,1.44,1.41,0.22,0.0,,,,,,,,,,922.0,3.07,,,922,,,,rookie,False
937,542,8484125,Hunter McKown,F,MTL,24.46,3.0,-48.53,0.0,3.78,13.73,"rookie/import, not in DF lineup",12.0,1.11,1.72,0.16,0.0,,,,,,,,,,925.0,3.0,,,925,,,,rookie,False
938,543,8483104,Daylan Kuefler,F,NYI,24.97,2.93,-48.61,0.0,3.37,13.56,"rookie/import, not in DF lineup",12.0,1.1,1.65,0.17,0.0,,,,,,,,,,927.0,2.93,,,927,,,,rookie,False
939,544,8483488,Filip Mesar,F,MTL,23.08,2.92,-48.61,0.0,3.58,13.94,"rookie/import, not in DF lineup",12.0,0.96,1.82,0.14,0.0,,,,,,,,,,928.0,2.92,,,928,,,,rookie,False
940,545,8485071,Hunter St. Martin,F,FLA,21.64,2.86,-48.67,0.0,3.41,12.89,"rookie/import, not in DF lineup",12.0,1.31,1.33,0.22,0.0,,,,,,,,,,929.0,2.86,,,929,,,,rookie,False
941,546,8482714,Chase Stillman,F,DET,23.87,2.47,-49.06,0.0,2.95,11.17,"rookie/import, not in DF lineup",12.0,0.88,1.46,0.13,0.0,,,,,,,,,,935.0,2.47,,,935,,,,rookie,False
942,547,8485554,Dillon Boucher,F,CHI,29.8,2.44,-49.09,0.0,3.03,10.84,"rookie/import, not in DF lineup",12.0,0.95,1.36,0.13,0.0,,,,,,,,,,936.0,2.44,,,936,,,,rookie,False
943,548,8484533,Tyler Thorpe,F,MTL,21.48,2.32,-49.21,0.0,2.84,10.81,"rookie/import, not in DF lineup",12.0,0.86,1.33,0.13,0.0,,,,,,,,,,939.0,2.32,,,939,,,,rookie,False
944,549,8484201,Nico Myatovic,F,ANA,22.17,2.27,-49.26,0.0,2.8,10.82,"rookie/import, not in DF lineup",12.0,0.9,1.24,0.13,0.0,,,,,,,,,,941.0,2.27,,,941,,,,rookie,False
945,550,8486189,Vitali Pinchuk,F,NSH,25.06,1.24,-50.29,0.0,7.45,26.79,"rookie/import, IR at camp",2.0,0.55,0.61,0.08,0.01,,,,,,,,,,946.0,1.24,,,946,,,,rookie,False
946,95,8477967,Thatcher Demko,G,VAN,31.15,0.78,-52.69,0.0,0.9,2.06,"IR at camp, backup",0.58,,,,,0.13,0.31,0.07,0.03,,,13.0,,2.75,372.0,39.0,294.0,231.05,291,,,,model,False
947,96,8473575,Semyon Varlamov,G,NYI,38.77,0.0,-53.47,0.0,0.0,0.0,"age 33+, IR at camp, backup",0.0,,,,,0.08,0.0,0.0,0.0,,,,,,947.0,0.0,,,947,,,,model,False
